{
  "name": "GGO365",
  "description": "Patient-derived preset for GGO365",
  "grid": {
    "width": 100,
    "height": 100
  },
  "initial_agents": {
    "tumor": 6702,
    "caf": 1138,
    "macrophage": 797,
    "cd8": 527,
    "cd4": 813,
    "treg": 22,
    "tls": 1
  },
  "field_initialization": {
    "ecm_mean": 0.5,
    "ecm_ring_strength": 1.8,
    "cxcl9_10_mean": 0.08,
    "cxcl13_mean": 0.1,
    "tgfb_mean": 0.22
  },
  "tls": {
    "quality_initial": 0.4,
    "quality_drift": -0.003
  },
  "chemokine_gain": {
    "tls_cxcl9_10": 0.6,
    "tls_cxcl13": 0.8,
    "tumor_cxcl9_10": 0.08
  },
  "tgfb_gain": 1.4,
  "macrophage": {
    "polarization_bias": -0.35,
    "initial_m2_fraction": 0.75
  },
  "suppression": {
    "treg": 0.3,
    "macrophage": 0.26
  },
  "ecm_penalty": 0.52,
  "suppressive_background": 0.1,
  "metadata": {
    "B": 0.0,
    "CD8 T": 272.102220297063,
    "CD4 T": 419.7016131384341,
    "T reg": 11.605489131974087,
    "Epi.-like": 3001.8240106901417,
    "Epi. Prol.": 113.47589373485776,
    "Mesen.-like": 342.1470129278287,
    "Fib.": 587.2950492508112,
    "Endo.": 346.25984036760195,
    "Mast": 164.3917478507069,
    "Mono.": 33.05464098874804,
    "Mac.": 411.3822488331318,
    "NK": 63.185440829636704,
    "PMN-MDSC": 0.0,
    "pathology": "MIA",
    "radio": "PNS",
    "EGFR": "WT",
    "KRAS": "MUT",
    "RBM10": "MUT",
    "TP53": "WT",
    "Smoking Status": "Former smokes",
    "Gender": "M",
    "Race": "White",
    "ROI_area": 2.326485311645569,
    "Group": "Group4"
  }
}