{
  "name": "GGO372",
  "description": "Patient-derived preset for GGO372",
  "grid": {
    "width": 100,
    "height": 100
  },
  "initial_agents": {
    "tumor": 5660,
    "caf": 1330,
    "macrophage": 1045,
    "cd8": 638,
    "cd4": 1301,
    "treg": 25,
    "tls": 1
  },
  "field_initialization": {
    "ecm_mean": 0.5,
    "ecm_ring_strength": 1.8,
    "cxcl9_10_mean": 0.08,
    "cxcl13_mean": 0.1,
    "tgfb_mean": 0.22
  },
  "tls": {
    "quality_initial": 0.4,
    "quality_drift": -0.003
  },
  "chemokine_gain": {
    "tls_cxcl9_10": 0.6,
    "tls_cxcl13": 0.8,
    "tumor_cxcl9_10": 0.08
  },
  "tgfb_gain": 1.4,
  "macrophage": {
    "polarization_bias": -0.35,
    "initial_m2_fraction": 0.75
  },
  "suppression": {
    "treg": 0.3,
    "macrophage": 0.26
  },
  "ecm_penalty": 0.52,
  "suppressive_background": 0.1,
  "metadata": {
    "B": 185.48152507115051,
    "CD8 T": 282.92826916782536,
    "CD4 T": 576.0640090516931,
    "T reg": 11.171905521602396,
    "Epi.-like": 1907.670970307351,
    "Epi. Prol.": 64.88298976007545,
    "Mesen.-like": 533.2436443195605,
    "Fib.": 589.1662910516268,
    "Endo.": 368.86751081659344,
    "Mast": 306.13455594267566,
    "Mono.": 113.9000627257308,
    "Mac.": 462.7112496843744,
    "NK": 27.07038645619042,
    "PMN-MDSC": 16.657321426292647,
    "pathology": "IAC",
    "radio": "PNS",
    "EGFR": "MUT",
    "KRAS": "WT",
    "RBM10": "MUT",
    "TP53": "WT",
    "Smoking Status": "Former smokes",
    "Gender": "F",
    "Race": "White",
    "ROI_area": 2.327266369172696,
    "Group": "Group4"
  }
}