{
  "name": "GGO367",
  "description": "Patient-derived preset for GGO367",
  "grid": {
    "width": 100,
    "height": 100
  },
  "initial_agents": {
    "tumor": 6714,
    "caf": 888,
    "macrophage": 968,
    "cd8": 680,
    "cd4": 701,
    "treg": 48,
    "tls": 1
  },
  "field_initialization": {
    "ecm_mean": 0.22,
    "ecm_ring_strength": 0.0,
    "cxcl9_10_mean": 0.1,
    "cxcl13_mean": 0.06,
    "tgfb_mean": 0.12
  },
  "tls": {
    "quality_initial": 0.45,
    "quality_drift": -0.0015
  },
  "chemokine_gain": {
    "tls_cxcl9_10": 0.5,
    "tls_cxcl13": 0.5,
    "tumor_cxcl9_10": 0.07
  },
  "tgfb_gain": 0.7,
  "macrophage": {
    "polarization_bias": -0.25,
    "initial_m2_fraction": 0.6
  },
  "suppression": {
    "treg": 0.2,
    "macrophage": 0.2
  },
  "ecm_penalty": 0.28,
  "suppressive_background": 0.04,
  "metadata": {
    "B": 0.0,
    "CD8 T": 322.8824934395926,
    "CD4 T": 332.91875095201874,
    "T reg": 22.607313873187596,
    "Epi.-like": 2765.3075755742416,
    "Epi. Prol.": 42.95389635905642,
    "Mesen.-like": 377.9942879596965,
    "Fib.": 421.2440585861154,
    "Endo.": 266.06865418836355,
    "Mast": 138.17906572638395,
    "Mono.": 48.119866339219975,
    "Mac.": 459.51983652151023,
    "NK": 25.77233781543385,
    "PMN-MDSC": 13.685466573539626,
    "pathology": "AIS",
    "radio": "PNS",
    "EGFR": "WT",
    "KRAS": "MUT",
    "RBM10": "WT",
    "TP53": "WT",
    "Smoking Status": "Former smokes",
    "Gender": "F",
    "Race": "White",
    "ROI_area": 2.2116736327220323,
    "Group": "Group2"
  }
}