{
  "name": "GGO357",
  "description": "Patient-derived preset for GGO357",
  "grid": {
    "width": 100,
    "height": 100
  },
  "initial_agents": {
    "tumor": 4475,
    "caf": 2347,
    "macrophage": 990,
    "cd8": 632,
    "cd4": 949,
    "treg": 16,
    "tls": 1
  },
  "field_initialization": {
    "ecm_mean": 0.5,
    "ecm_ring_strength": 1.8,
    "cxcl9_10_mean": 0.08,
    "cxcl13_mean": 0.1,
    "tgfb_mean": 0.22
  },
  "tls": {
    "quality_initial": 0.4,
    "quality_drift": -0.003
  },
  "chemokine_gain": {
    "tls_cxcl9_10": 0.6,
    "tls_cxcl13": 0.8,
    "tumor_cxcl9_10": 0.08
  },
  "tgfb_gain": 1.4,
  "macrophage": {
    "polarization_bias": -0.35,
    "initial_m2_fraction": 0.75
  },
  "suppression": {
    "treg": 0.3,
    "macrophage": 0.26
  },
  "ecm_penalty": 0.52,
  "suppressive_background": 0.1,
  "metadata": {
    "B": 0.0,
    "CD8 T": 283.66606184714533,
    "CD4 T": 425.62151437709736,
    "T reg": 7.1776550200493725,
    "Epi.-like": 1333.905621230282,
    "Epi. Prol.": 39.92570604902463,
    "Mesen.-like": 633.8766589581103,
    "Fib.": 1052.7141821270388,
    "Endo.": 601.7313716011998,
    "Mast": 304.7176140209145,
    "Mono.": 141.54043018131233,
    "Mac.": 444.1607816587076,
    "NK": 40.37430948777772,
    "PMN-MDSC": 6.310719817001187,
    "pathology": "MIA",
    "radio": "PNS",
    "EGFR": "WT",
    "KRAS": "MUT",
    "RBM10": "MUT",
    "TP53": "WT",
    "Smoking Status": "Former smokes",
    "Gender": "F",
    "Race": "White",
    "ROI_area": 2.229140290987396,
    "Group": "Group4"
  }
}