{
  "name": "GGO161",
  "description": "Patient-derived preset for GGO161",
  "grid": {
    "width": 100,
    "height": 100
  },
  "initial_agents": {
    "tumor": 3695,
    "caf": 1038,
    "macrophage": 1529,
    "cd8": 412,
    "cd4": 543,
    "treg": 6,
    "tls": 1
  },
  "field_initialization": {
    "ecm_mean": 0.15,
    "ecm_ring_strength": 0.0,
    "cxcl9_10_mean": 0.12,
    "cxcl13_mean": 0.05,
    "tgfb_mean": 0.1
  },
  "tls": {
    "quality_initial": 0.5,
    "quality_drift": -0.001
  },
  "chemokine_gain": {
    "tls_cxcl9_10": 0.4,
    "tls_cxcl13": 0.4,
    "tumor_cxcl9_10": 0.05
  },
  "tgfb_gain": 0.6,
  "macrophage": {
    "polarization_bias": -0.1,
    "initial_m2_fraction": 0.4
  },
  "suppression": {
    "treg": 0.18,
    "macrophage": 0.15
  },
  "ecm_penalty": 0.2,
  "suppressive_background": 0.03,
  "metadata": {
    "B": 0.0,
    "CD8 T": 187.11481362971267,
    "CD4 T": 246.975391899998,
    "T reg": 2.7269191499156222,
    "Epi.-like": 1271.4678471919897,
    "Epi. Prol.": 21.360866674339043,
    "Mesen.-like": 386.3135462380465,
    "Fib.": 471.95078336653336,
    "Endo.": 497.1786404460452,
    "Mast": 95.9037883323908,
    "Mono.": 10.819914581090242,
    "Mac.": 694.8916828111692,
    "NK": 110.4402255715827,
    "PMN-MDSC": 105.24826001605965,
    "pathology": "AIS",
    "radio": NaN,
    "EGFR": "WT",
    "KRAS": "WT",
    "RBM10": "MUT",
    "TP53": "WT",
    "Smoking Status": "Former smokes",
    "Gender": "M",
    "Race": "Asian",
    "ROI_area": 2.200285256050094,
    "Group": "Group1"
  }
}