{
  "name": "GGO210",
  "description": "Patient-derived preset for GGO210",
  "grid": {
    "width": 100,
    "height": 100
  },
  "initial_agents": {
    "tumor": 4184,
    "caf": 489,
    "macrophage": 1698,
    "cd8": 843,
    "cd4": 709,
    "treg": 31,
    "tls": 2
  },
  "field_initialization": {
    "ecm_mean": 0.2,
    "ecm_ring_strength": 0.0,
    "cxcl9_10_mean": 0.18,
    "cxcl13_mean": 0.16,
    "tgfb_mean": 0.12
  },
  "tls": {
    "quality_initial": 0.7,
    "quality_drift": -0.002
  },
  "chemokine_gain": {
    "tls_cxcl9_10": 1.0,
    "tls_cxcl13": 1.1,
    "tumor_cxcl9_10": 0.15
  },
  "tgfb_gain": 0.9,
  "macrophage": {
    "polarization_bias": -0.1,
    "initial_m2_fraction": 0.45
  },
  "suppression": {
    "treg": 0.22,
    "macrophage": 0.18
  },
  "ecm_penalty": 0.32,
  "suppressive_background": 0.05,
  "metadata": {
    "B": 0.0,
    "CD8 T": 388.3955690803697,
    "CD4 T": 326.49913238272586,
    "T reg": 14.285157712459018,
    "Epi.-like": 1633.3037178465268,
    "Epi. Prol.": 40.551415441819145,
    "Mesen.-like": 254.36796958959283,
    "Fib.": 225.45277169371923,
    "Endo.": 275.1718460975822,
    "Mast": 103.57751231259618,
    "Mono.": 45.7775612452992,
    "Mac.": 782.4288653511003,
    "NK": 255.7504042069276,
    "PMN-MDSC": 181.2606465470433,
    "pathology": "MIA",
    "radio": "PNS",
    "EGFR": "WT",
    "KRAS": "WT",
    "RBM10": "WT",
    "TP53": "WT",
    "Smoking Status": "Never",
    "Gender": "M",
    "Race": "White",
    "ROI_area": 2.1700845467714283,
    "Group": "Group3"
  }
}