{
  "name": "GGO269",
  "description": "Patient-derived preset for GGO269",
  "grid": {
    "width": 100,
    "height": 100
  },
  "initial_agents": {
    "tumor": 6953,
    "caf": 512,
    "macrophage": 1121,
    "cd8": 507,
    "cd4": 889,
    "treg": 17,
    "tls": 1
  },
  "field_initialization": {
    "ecm_mean": 0.15,
    "ecm_ring_strength": 0.0,
    "cxcl9_10_mean": 0.12,
    "cxcl13_mean": 0.05,
    "tgfb_mean": 0.1
  },
  "tls": {
    "quality_initial": 0.5,
    "quality_drift": -0.001
  },
  "chemokine_gain": {
    "tls_cxcl9_10": 0.4,
    "tls_cxcl13": 0.4,
    "tumor_cxcl9_10": 0.05
  },
  "tgfb_gain": 0.6,
  "macrophage": {
    "polarization_bias": -0.1,
    "initial_m2_fraction": 0.4
  },
  "suppression": {
    "treg": 0.18,
    "macrophage": 0.15
  },
  "ecm_penalty": 0.2,
  "suppressive_background": 0.03,
  "metadata": {
    "B": 0.0,
    "CD8 T": 262.8625567315587,
    "CD4 T": 460.4863564934564,
    "T reg": 8.580384904696931,
    "Epi.-like": 3225.1292203660523,
    "Epi. Prol.": 24.668606601003678,
    "Mesen.-like": 352.15329713026983,
    "Fib.": 265.4425421396893,
    "Endo.": 579.0310286818968,
    "Mast": 62.85473939173772,
    "Mono.": 64.13748917524256,
    "Mac.": 581.0648361429124,
    "NK": 58.63263018209569,
    "PMN-MDSC": 0.0,
    "pathology": "MIA",
    "radio": "PNS",
    "EGFR": "WT",
    "KRAS": "MUT",
    "RBM10": "WT",
    "TP53": "WT",
    "Smoking Status": "Former smokes",
    "Gender": "M",
    "Race": "White",
    "ROI_area": 2.7970773183918967,
    "Group": "Group1"
  }
}