{
  "name": "GGO335",
  "description": "Patient-derived preset for GGO335",
  "grid": {
    "width": 100,
    "height": 100
  },
  "initial_agents": {
    "tumor": 5821,
    "caf": 1485,
    "macrophage": 419,
    "cd8": 1056,
    "cd4": 1157,
    "treg": 61,
    "tls": 1
  },
  "field_initialization": {
    "ecm_mean": 0.5,
    "ecm_ring_strength": 1.8,
    "cxcl9_10_mean": 0.08,
    "cxcl13_mean": 0.1,
    "tgfb_mean": 0.22
  },
  "tls": {
    "quality_initial": 0.4,
    "quality_drift": -0.003
  },
  "chemokine_gain": {
    "tls_cxcl9_10": 0.6,
    "tls_cxcl13": 0.8,
    "tumor_cxcl9_10": 0.08
  },
  "tgfb_gain": 1.4,
  "macrophage": {
    "polarization_bias": -0.35,
    "initial_m2_fraction": 0.75
  },
  "suppression": {
    "treg": 0.3,
    "macrophage": 0.26
  },
  "ecm_penalty": 0.52,
  "suppressive_background": 0.1,
  "metadata": {
    "B": 0.0,
    "CD8 T": 510.2238646614084,
    "CD4 T": 558.7860512964684,
    "T reg": 29.57836241046193,
    "Epi.-like": 2185.483612242572,
    "Epi. Prol.": 34.05993247265314,
    "Mesen.-like": 591.5672482092388,
    "Fib.": 717.2119959546677,
    "Endo.": 520.4088877313282,
    "Mast": 192.6737567034272,
    "Mono.": 126.52418355729144,
    "Mac.": 202.0561833523578,
    "NK": 39.43781654728258,
    "PMN-MDSC": 0.0,
    "pathology": "IAC",
    "radio": "S",
    "EGFR": "MUT",
    "KRAS": "WT",
    "RBM10": "MUT",
    "TP53": "WT",
    "Smoking Status": "Never",
    "Gender": "F",
    "Race": "White",
    "ROI_area": 2.231360853725142,
    "Group": "Group4"
  }
}