{
  "name": "GGO376",
  "description": "Patient-derived preset for GGO376",
  "grid": {
    "width": 100,
    "height": 100
  },
  "initial_agents": {
    "tumor": 6768,
    "caf": 1613,
    "macrophage": 636,
    "cd8": 376,
    "cd4": 586,
    "treg": 20,
    "tls": 1
  },
  "field_initialization": {
    "ecm_mean": 0.5,
    "ecm_ring_strength": 1.8,
    "cxcl9_10_mean": 0.08,
    "cxcl13_mean": 0.1,
    "tgfb_mean": 0.22
  },
  "tls": {
    "quality_initial": 0.4,
    "quality_drift": -0.003
  },
  "chemokine_gain": {
    "tls_cxcl9_10": 0.6,
    "tls_cxcl13": 0.8,
    "tumor_cxcl9_10": 0.08
  },
  "tgfb_gain": 1.4,
  "macrophage": {
    "polarization_bias": -0.35,
    "initial_m2_fraction": 0.75
  },
  "suppression": {
    "treg": 0.3,
    "macrophage": 0.26
  },
  "ecm_penalty": 0.52,
  "suppressive_background": 0.1,
  "metadata": {
    "B": 0.0,
    "CD8 T": 168.97365794016568,
    "CD4 T": 263.3817720457094,
    "T reg": 8.881956582842848,
    "Epi.-like": 2599.913890170177,
    "Epi. Prol.": 33.836025077496565,
    "Mesen.-like": 408.9929531242397,
    "Fib.": 725.4893498120678,
    "Endo.": 646.7419663494857,
    "Mast": 104.3447414850626,
    "Mono.": 78.7997632791759,
    "Mac.": 285.86669296560706,
    "NK": 63.01959670683735,
    "PMN-MDSC": 0.0,
    "pathology": "AIS",
    "radio": "PNS",
    "EGFR": NaN,
    "KRAS": NaN,
    "RBM10": NaN,
    "TP53": NaN,
    "Smoking Status": "Former smokes",
    "Gender": "M",
    "Race": "White",
    "ROI_area": 2.364343915006904,
    "Group": "Group4"
  }
}