{
  "name": "GGO177",
  "description": "Patient-derived preset for GGO177",
  "grid": {
    "width": 100,
    "height": 100
  },
  "initial_agents": {
    "tumor": 4867,
    "caf": 1749,
    "macrophage": 1680,
    "cd8": 551,
    "cd4": 1021,
    "treg": 11,
    "tls": 1
  },
  "field_initialization": {
    "ecm_mean": 0.22,
    "ecm_ring_strength": 0.0,
    "cxcl9_10_mean": 0.1,
    "cxcl13_mean": 0.06,
    "tgfb_mean": 0.12
  },
  "tls": {
    "quality_initial": 0.45,
    "quality_drift": -0.0015
  },
  "chemokine_gain": {
    "tls_cxcl9_10": 0.5,
    "tls_cxcl13": 0.5,
    "tumor_cxcl9_10": 0.07
  },
  "tgfb_gain": 0.7,
  "macrophage": {
    "polarization_bias": -0.25,
    "initial_m2_fraction": 0.6
  },
  "suppression": {
    "treg": 0.2,
    "macrophage": 0.2
  },
  "ecm_penalty": 0.28,
  "suppressive_background": 0.04,
  "metadata": {
    "B": 0.0,
    "CD8 T": 248.81538482651587,
    "CD4 T": 461.2825184997057,
    "T reg": 4.969984279750176,
    "Epi.-like": 1817.133470096736,
    "Epi. Prol.": 68.22432965838878,
    "Mesen.-like": 313.5608263769656,
    "Fib.": 790.1827284569749,
    "Endo.": 483.6291277644902,
    "Mast": 118.1717407638322,
    "Mono.": 88.85432416211809,
    "Mac.": 759.041673785893,
    "NK": 7.229068043272983,
    "PMN-MDSC": 10.824892283709818,
    "pathology": "AIS",
    "radio": "S",
    "EGFR": NaN,
    "KRAS": NaN,
    "RBM10": NaN,
    "TP53": NaN,
    "Smoking Status": "Former smokes",
    "Gender": "F",
    "Race": "White",
    "ROI_area": 2.213286678756443,
    "Group": "Group2"
  }
}