{
  "name": "GGO250",
  "description": "Patient-derived preset for GGO250",
  "grid": {
    "width": 100,
    "height": 100
  },
  "initial_agents": {
    "tumor": 5274,
    "caf": 1842,
    "macrophage": 914,
    "cd8": 994,
    "cd4": 931,
    "treg": 44,
    "tls": 1
  },
  "field_initialization": {
    "ecm_mean": 0.5,
    "ecm_ring_strength": 1.8,
    "cxcl9_10_mean": 0.08,
    "cxcl13_mean": 0.1,
    "tgfb_mean": 0.22
  },
  "tls": {
    "quality_initial": 0.4,
    "quality_drift": -0.003
  },
  "chemokine_gain": {
    "tls_cxcl9_10": 0.6,
    "tls_cxcl13": 0.8,
    "tumor_cxcl9_10": 0.08
  },
  "tgfb_gain": 1.4,
  "macrophage": {
    "polarization_bias": -0.35,
    "initial_m2_fraction": 0.75
  },
  "suppression": {
    "treg": 0.3,
    "macrophage": 0.26
  },
  "ecm_penalty": 0.52,
  "suppressive_background": 0.1,
  "metadata": {
    "B": 0.0,
    "CD8 T": 533.1613156477832,
    "CD4 T": 499.051665850712,
    "T reg": 23.628440530406827,
    "Epi.-like": 2204.639615175889,
    "Epi. Prol.": 35.44266079561024,
    "Mesen.-like": 588.1266525771574,
    "Fib.": 987.5409583947746,
    "Endo.": 469.7004417530245,
    "Mast": 450.9510245088388,
    "Mono.": 52.29516082539476,
    "Mac.": 490.351207699763,
    "NK": 72.7312935076585,
    "PMN-MDSC": 0.0,
    "pathology": "IAC",
    "radio": "PNS",
    "EGFR": "MUT",
    "KRAS": "WT",
    "RBM10": "MUT",
    "TP53": "WT",
    "Smoking Status": "Never",
    "Gender": "F",
    "Race": "White",
    "ROI_area": 2.7086002530569067,
    "Group": "Group4"
  }
}