{
  "name": "GGO299",
  "description": "Patient-derived preset for GGO299",
  "grid": {
    "width": 100,
    "height": 100
  },
  "initial_agents": {
    "tumor": 3631,
    "caf": 788,
    "macrophage": 767,
    "cd8": 319,
    "cd4": 516,
    "treg": 3,
    "tls": 1
  },
  "field_initialization": {
    "ecm_mean": 0.15,
    "ecm_ring_strength": 0.0,
    "cxcl9_10_mean": 0.12,
    "cxcl13_mean": 0.05,
    "tgfb_mean": 0.1
  },
  "tls": {
    "quality_initial": 0.5,
    "quality_drift": -0.001
  },
  "chemokine_gain": {
    "tls_cxcl9_10": 0.4,
    "tls_cxcl13": 0.4,
    "tumor_cxcl9_10": 0.05
  },
  "tgfb_gain": 0.6,
  "macrophage": {
    "polarization_bias": -0.1,
    "initial_m2_fraction": 0.4
  },
  "suppression": {
    "treg": 0.18,
    "macrophage": 0.15
  },
  "ecm_penalty": 0.2,
  "suppressive_background": 0.03,
  "metadata": {
    "B": 0.0,
    "CD8 T": 173.46830437555963,
    "CD4 T": 280.5113656674027,
    "T reg": 1.632227009840154,
    "Epi.-like": 1613.1481043496474,
    "Epi. Prol.": 23.939329477655598,
    "Mesen.-like": 338.4150667068586,
    "Fib.": 428.7880159942116,
    "Endo.": 337.7021446033891,
    "Mast": 142.9473823060055,
    "Mono.": 47.47330039682838,
    "Mac.": 417.2776818401362,
    "NK": 23.939329477655598,
    "PMN-MDSC": 21.62672573633293,
    "pathology": "AIS",
    "radio": "PNS",
    "EGFR": "WT",
    "KRAS": "WT",
    "RBM10": "WT",
    "TP53": "WT",
    "Smoking Status": "Former smokes",
    "Gender": "F",
    "Race": "White",
    "ROI_area": 1.837979632682217,
    "Group": "Group1"
  }
}