{
  "name": "GGO249",
  "description": "Patient-derived preset for GGO249",
  "grid": {
    "width": 100,
    "height": 100
  },
  "initial_agents": {
    "tumor": 6964,
    "caf": 988,
    "macrophage": 509,
    "cd8": 573,
    "cd4": 955,
    "treg": 9,
    "tls": 2
  },
  "field_initialization": {
    "ecm_mean": 0.2,
    "ecm_ring_strength": 0.0,
    "cxcl9_10_mean": 0.18,
    "cxcl13_mean": 0.16,
    "tgfb_mean": 0.12
  },
  "tls": {
    "quality_initial": 0.7,
    "quality_drift": -0.002
  },
  "chemokine_gain": {
    "tls_cxcl9_10": 1.0,
    "tls_cxcl13": 1.1,
    "tumor_cxcl9_10": 0.15
  },
  "tgfb_gain": 0.9,
  "macrophage": {
    "polarization_bias": -0.1,
    "initial_m2_fraction": 0.45
  },
  "suppression": {
    "treg": 0.22,
    "macrophage": 0.18
  },
  "ecm_penalty": 0.32,
  "suppressive_background": 0.05,
  "metadata": {
    "B": 185.3734663408291,
    "CD8 T": 264.6762646504388,
    "CD4 T": 440.9418381550684,
    "T reg": 4.278893785314818,
    "Epi.-like": 2801.5890742064776,
    "Epi. Prol.": 31.235924632798167,
    "Mesen.-like": 384.2446619212706,
    "Fib.": 456.5919162229224,
    "Endo.": 575.1915536284841,
    "Mast": 64.9897564347848,
    "Mono.": 227.682233952736,
    "Mac.": 235.2098819158951,
    "NK": 28.66858836160928,
    "PMN-MDSC": 18.319260203093695,
    "pathology": "IAC",
    "radio": "S",
    "EGFR": "WT",
    "KRAS": "WT",
    "RBM10": "WT",
    "TP53": "WT",
    "Smoking Status": "Former smokes",
    "Gender": "F",
    "Race": "White",
    "ROI_area": 2.3370526359686807,
    "Group": "Group3"
  }
}