{
  "name": "GGO222",
  "description": "Patient-derived preset for GGO222",
  "grid": {
    "width": 100,
    "height": 100
  },
  "initial_agents": {
    "tumor": 5540,
    "caf": 1764,
    "macrophage": 1196,
    "cd8": 534,
    "cd4": 798,
    "treg": 1,
    "tls": 1
  },
  "field_initialization": {
    "ecm_mean": 0.5,
    "ecm_ring_strength": 1.8,
    "cxcl9_10_mean": 0.08,
    "cxcl13_mean": 0.1,
    "tgfb_mean": 0.22
  },
  "tls": {
    "quality_initial": 0.4,
    "quality_drift": -0.003
  },
  "chemokine_gain": {
    "tls_cxcl9_10": 0.6,
    "tls_cxcl13": 0.8,
    "tumor_cxcl9_10": 0.08
  },
  "tgfb_gain": 1.4,
  "macrophage": {
    "polarization_bias": -0.35,
    "initial_m2_fraction": 0.75
  },
  "suppression": {
    "treg": 0.3,
    "macrophage": 0.26
  },
  "ecm_penalty": 0.52,
  "suppressive_background": 0.1,
  "metadata": {
    "B": 0.0,
    "CD8 T": 226.68407883849335,
    "CD4 T": 338.65443827138205,
    "T reg": 0.4245913024662848,
    "Epi.-like": 1757.5245285411106,
    "Epi. Prol.": 48.40340848115648,
    "Mesen.-like": 546.4490062741086,
    "Fib.": 748.8290621293378,
    "Endo.": 607.3659608482717,
    "Mast": 124.06260218614118,
    "Mono.": 41.09329094493635,
    "Mac.": 507.6130063696438,
    "NK": 21.654156425780528,
    "PMN-MDSC": 12.523669621313935,
    "pathology": "IAC",
    "radio": NaN,
    "EGFR": NaN,
    "KRAS": NaN,
    "RBM10": NaN,
    "TP53": NaN,
    "Smoking Status": "Former smokes",
    "Gender": "M",
    "Race": "White",
    "ROI_area": 2.355206039764336,
    "Group": "Group4"
  }
}