{
  "name": "GGO310",
  "description": "Patient-derived preset for GGO310",
  "grid": {
    "width": 100,
    "height": 100
  },
  "initial_agents": {
    "tumor": 5062,
    "caf": 1246,
    "macrophage": 1485,
    "cd8": 786,
    "cd4": 1393,
    "treg": 26,
    "tls": 2
  },
  "field_initialization": {
    "ecm_mean": 0.2,
    "ecm_ring_strength": 0.0,
    "cxcl9_10_mean": 0.18,
    "cxcl13_mean": 0.16,
    "tgfb_mean": 0.12
  },
  "tls": {
    "quality_initial": 0.7,
    "quality_drift": -0.002
  },
  "chemokine_gain": {
    "tls_cxcl9_10": 1.0,
    "tls_cxcl13": 1.1,
    "tumor_cxcl9_10": 0.15
  },
  "tgfb_gain": 0.9,
  "macrophage": {
    "polarization_bias": -0.1,
    "initial_m2_fraction": 0.45
  },
  "suppression": {
    "treg": 0.22,
    "macrophage": 0.18
  },
  "ecm_penalty": 0.32,
  "suppressive_background": 0.05,
  "metadata": {
    "B": 297.0778695740353,
    "CD8 T": 339.0443905265217,
    "CD4 T": 601.5573509332298,
    "T reg": 11.185930138262156,
    "Epi.-like": 1621.2317304628891,
    "Epi. Prol.": 47.14070558267622,
    "Mesen.-like": 517.3492688946246,
    "Fib.": 538.3017228497133,
    "Endo.": 421.5847044964743,
    "Mast": 211.5676179263738,
    "Mono.": 110.80201621950506,
    "Mac.": 641.2625248027553,
    "NK": 38.35176047404167,
    "PMN-MDSC": 24.087394830327188,
    "pathology": "IAC",
    "radio": "PS",
    "EGFR": "WT",
    "KRAS": "MUT",
    "RBM10": "MUT",
    "TP53": "WT",
    "Smoking Status": "Former smokes",
    "Gender": "F",
    "Race": "White",
    "ROI_area": 2.503144544433037,
    "Group": "Group3"
  }
}