{
  "name": "GGO244",
  "description": "Patient-derived preset for GGO244",
  "grid": {
    "width": 100,
    "height": 100
  },
  "initial_agents": {
    "tumor": 5157,
    "caf": 1300,
    "macrophage": 1190,
    "cd8": 766,
    "cd4": 1502,
    "treg": 84,
    "tls": 1
  },
  "field_initialization": {
    "ecm_mean": 0.2,
    "ecm_ring_strength": 0.0,
    "cxcl9_10_mean": 0.18,
    "cxcl13_mean": 0.16,
    "tgfb_mean": 0.12
  },
  "tls": {
    "quality_initial": 0.7,
    "quality_drift": -0.002
  },
  "chemokine_gain": {
    "tls_cxcl9_10": 1.0,
    "tls_cxcl13": 1.1,
    "tumor_cxcl9_10": 0.15
  },
  "tgfb_gain": 0.9,
  "macrophage": {
    "polarization_bias": -0.1,
    "initial_m2_fraction": 0.45
  },
  "suppression": {
    "treg": 0.22,
    "macrophage": 0.18
  },
  "ecm_penalty": 0.32,
  "suppressive_background": 0.05,
  "metadata": {
    "B": 0.0,
    "CD8 T": 302.6807963611936,
    "CD4 T": 593.9725412602628,
    "T reg": 33.07844307896569,
    "Epi.-like": 1627.7176752865355,
    "Epi. Prol.": 70.02319768664165,
    "Mesen.-like": 341.0945948662176,
    "Fib.": 514.0927657335209,
    "Endo.": 391.8699182541708,
    "Mast": 120.77452500799112,
    "Mono.": 80.8664210923071,
    "Mac.": 470.6829693462032,
    "NK": 33.93762341867909,
    "PMN-MDSC": 0.0,
    "pathology": "MIA",
    "radio": "PNS",
    "EGFR": NaN,
    "KRAS": NaN,
    "RBM10": NaN,
    "TP53": NaN,
    "Smoking Status": "Former smokes",
    "Gender": "F",
    "Race": "White",
    "ROI_area": 4.65560001213985,
    "Group": "Group3"
  }
}