{
  "name": "GGO130",
  "description": "Patient-derived preset for GGO130",
  "grid": {
    "width": 100,
    "height": 100
  },
  "initial_agents": {
    "tumor": 4387,
    "caf": 881,
    "macrophage": 899,
    "cd8": 880,
    "cd4": 979,
    "treg": 41,
    "tls": 2
  },
  "field_initialization": {
    "ecm_mean": 0.2,
    "ecm_ring_strength": 0.0,
    "cxcl9_10_mean": 0.18,
    "cxcl13_mean": 0.16,
    "tgfb_mean": 0.12
  },
  "tls": {
    "quality_initial": 0.7,
    "quality_drift": -0.002
  },
  "chemokine_gain": {
    "tls_cxcl9_10": 1.0,
    "tls_cxcl13": 1.1,
    "tumor_cxcl9_10": 0.15
  },
  "tgfb_gain": 0.9,
  "macrophage": {
    "polarization_bias": -0.1,
    "initial_m2_fraction": 0.45
  },
  "suppression": {
    "treg": 0.22,
    "macrophage": 0.18
  },
  "ecm_penalty": 0.32,
  "suppressive_background": 0.05,
  "metadata": {
    "B": 153.25798564142488,
    "CD8 T": 404.7762127831194,
    "CD4 T": 450.33593959959074,
    "T reg": 18.857835141071803,
    "Epi.-like": 1605.7874662066456,
    "Epi. Prol.": 89.22975652116902,
    "Mesen.-like": 322.88293339103427,
    "Fib.": 405.377010915499,
    "Endo.": 204.13941757472517,
    "Mast": 107.95531064050056,
    "Mono.": 97.83450026795364,
    "Mac.": 413.5940160404291,
    "NK": 84.17033733697902,
    "PMN-MDSC": 17.83190398972554,
    "pathology": "MIA",
    "radio": "PNS",
    "EGFR": "WT",
    "KRAS": "WT",
    "RBM10": "WT",
    "TP53": "WT",
    "Smoking Status": "Current smokes",
    "Gender": "F",
    "Race": "Unknown",
    "ROI_area": 2.1741626063271293,
    "Group": "Group3"
  }
}