{
  "name": "GGO286",
  "description": "Patient-derived preset for GGO286",
  "grid": {
    "width": 100,
    "height": 100
  },
  "initial_agents": {
    "tumor": 5430,
    "caf": 1129,
    "macrophage": 1794,
    "cd8": 788,
    "cd4": 835,
    "treg": 23,
    "tls": 1
  },
  "field_initialization": {
    "ecm_mean": 0.5,
    "ecm_ring_strength": 1.8,
    "cxcl9_10_mean": 0.08,
    "cxcl13_mean": 0.1,
    "tgfb_mean": 0.22
  },
  "tls": {
    "quality_initial": 0.4,
    "quality_drift": -0.003
  },
  "chemokine_gain": {
    "tls_cxcl9_10": 0.6,
    "tls_cxcl13": 0.8,
    "tumor_cxcl9_10": 0.08
  },
  "tgfb_gain": 1.4,
  "macrophage": {
    "polarization_bias": -0.35,
    "initial_m2_fraction": 0.75
  },
  "suppression": {
    "treg": 0.3,
    "macrophage": 0.26
  },
  "ecm_penalty": 0.52,
  "suppressive_background": 0.1,
  "metadata": {
    "B": 0.0,
    "CD8 T": 473.6122162391492,
    "CD4 T": 501.9537589634002,
    "T reg": 13.652739874853888,
    "Epi.-like": 2579.905520597172,
    "Epi. Prol.": 42.27945251567655,
    "Mesen.-like": 642.1191850818376,
    "Fib.": 678.6361779711174,
    "Endo.": 574.4106444853713,
    "Mast": 221.1166821982509,
    "Mono.": 70.63449570221906,
    "Mac.": 1078.0939869332103,
    "NK": 50.64726082607087,
    "PMN-MDSC": 0.0,
    "pathology": "AIS",
    "radio": "PNS",
    "EGFR": "WT",
    "KRAS": "WT",
    "RBM10": "WT",
    "TP53": "WT",
    "Smoking Status": "Former smokes",
    "Gender": "F",
    "Race": "White",
    "ROI_area": 2.2706065071302595,
    "Group": "Group4"
  }
}