{
  "name": "GGO200",
  "description": "Patient-derived preset for GGO200",
  "grid": {
    "width": 100,
    "height": 100
  },
  "initial_agents": {
    "tumor": 5553,
    "caf": 1072,
    "macrophage": 1332,
    "cd8": 233,
    "cd4": 710,
    "treg": 14,
    "tls": 1
  },
  "field_initialization": {
    "ecm_mean": 0.15,
    "ecm_ring_strength": 0.0,
    "cxcl9_10_mean": 0.12,
    "cxcl13_mean": 0.05,
    "tgfb_mean": 0.1
  },
  "tls": {
    "quality_initial": 0.5,
    "quality_drift": -0.001
  },
  "chemokine_gain": {
    "tls_cxcl9_10": 0.4,
    "tls_cxcl13": 0.4,
    "tumor_cxcl9_10": 0.05
  },
  "tgfb_gain": 0.6,
  "macrophage": {
    "polarization_bias": -0.1,
    "initial_m2_fraction": 0.4
  },
  "suppression": {
    "treg": 0.18,
    "macrophage": 0.15
  },
  "ecm_penalty": 0.2,
  "suppressive_background": 0.03,
  "metadata": {
    "B": 355.181885664882,
    "CD8 T": 110.46116986094523,
    "CD4 T": 336.42476342288217,
    "T reg": 6.637151837138341,
    "Epi.-like": 2253.8165723347424,
    "Epi. Prol.": 40.77107557099266,
    "Mesen.-like": 338.0206614199741,
    "Fib.": 508.0389505690511,
    "Endo.": 440.4478497684206,
    "Mast": 110.41417628646953,
    "Mono.": 72.79518702072546,
    "Mac.": 631.4957834996546,
    "NK": 106.19442939421346,
    "PMN-MDSC": 18.56521548179576,
    "pathology": "MIA",
    "radio": "PNS",
    "EGFR": "WT",
    "KRAS": "WT",
    "RBM10": "WT",
    "TP53": "WT",
    "Smoking Status": "Never",
    "Gender": "M",
    "Race": "White",
    "ROI_area": 2.1093385150031776,
    "Group": "Group1"
  }
}