{
  "name": "GGO319",
  "description": "Patient-derived preset for GGO319",
  "grid": {
    "width": 100,
    "height": 100
  },
  "initial_agents": {
    "tumor": 4782,
    "caf": 2324,
    "macrophage": 1568,
    "cd8": 406,
    "cd4": 903,
    "treg": 16,
    "tls": 1
  },
  "field_initialization": {
    "ecm_mean": 0.5,
    "ecm_ring_strength": 1.8,
    "cxcl9_10_mean": 0.08,
    "cxcl13_mean": 0.1,
    "tgfb_mean": 0.22
  },
  "tls": {
    "quality_initial": 0.4,
    "quality_drift": -0.003
  },
  "chemokine_gain": {
    "tls_cxcl9_10": 0.6,
    "tls_cxcl13": 0.8,
    "tumor_cxcl9_10": 0.08
  },
  "tgfb_gain": 1.4,
  "macrophage": {
    "polarization_bias": -0.35,
    "initial_m2_fraction": 0.75
  },
  "suppression": {
    "treg": 0.3,
    "macrophage": 0.26
  },
  "ecm_penalty": 0.52,
  "suppressive_background": 0.1,
  "metadata": {
    "B": 0.0,
    "CD8 T": 180.64641276394127,
    "CD4 T": 400.9134443972672,
    "T reg": 6.941175723159041,
    "Epi.-like": 1577.6128680231827,
    "Epi. Prol.": 110.6505071162412,
    "Mesen.-like": 435.25254828750224,
    "Fib.": 1031.9929226218192,
    "Endo.": 466.1855405551319,
    "Mast": 109.81990222861602,
    "Mono.": 33.49117585695382,
    "Mac.": 696.3506853147182,
    "NK": 49.40483897072024,
    "PMN-MDSC": 15.96672337366403,
    "pathology": "AIS",
    "radio": "PNS",
    "EGFR": "WT",
    "KRAS": "WT",
    "RBM10": "MUT",
    "TP53": "WT",
    "Smoking Status": "Current smokes",
    "Gender": "M",
    "Race": "White",
    "ROI_area": 2.449152806098824,
    "Group": "Group4"
  }
}