{
  "name": "GGO106",
  "description": "Patient-derived preset for GGO106",
  "grid": {
    "width": 100,
    "height": 100
  },
  "initial_agents": {
    "tumor": 4588,
    "caf": 1255,
    "macrophage": 742,
    "cd8": 720,
    "cd4": 850,
    "treg": 10,
    "tls": 1
  },
  "field_initialization": {
    "ecm_mean": 0.15,
    "ecm_ring_strength": 0.0,
    "cxcl9_10_mean": 0.12,
    "cxcl13_mean": 0.05,
    "tgfb_mean": 0.1
  },
  "tls": {
    "quality_initial": 0.5,
    "quality_drift": -0.001
  },
  "chemokine_gain": {
    "tls_cxcl9_10": 0.4,
    "tls_cxcl13": 0.4,
    "tumor_cxcl9_10": 0.05
  },
  "tgfb_gain": 0.6,
  "macrophage": {
    "polarization_bias": -0.1,
    "initial_m2_fraction": 0.4
  },
  "suppression": {
    "treg": 0.18,
    "macrophage": 0.15
  },
  "ecm_penalty": 0.2,
  "suppressive_background": 0.03,
  "metadata": {
    "B": 0.0,
    "CD8 T": 325.1580511732321,
    "CD4 T": 383.5781473246105,
    "T reg": 4.5132801071843165,
    "Epi.-like": 1498.896021693977,
    "Epi. Prol.": 57.76998537195925,
    "Mesen.-like": 514.0626042082936,
    "Fib.": 566.351791665849,
    "Endo.": 410.1891992700111,
    "Mast": 98.067758346653,
    "Mono.": 42.46232835628274,
    "Mac.": 335.1078754957689,
    "NK": 23.92038456807688,
    "PMN-MDSC": 27.802714995185127,
    "pathology": "MIA",
    "radio": "PNS",
    "EGFR": "WT",
    "KRAS": "MUT",
    "RBM10": "WT",
    "TP53": "WT",
    "Smoking Status": "Former smokes",
    "Gender": "F",
    "Race": "White",
    "ROI_area": 2.215683441424748,
    "Group": "Group1"
  }
}