{
  "name": "GGO328",
  "description": "Patient-derived preset for GGO328",
  "grid": {
    "width": 100,
    "height": 100
  },
  "initial_agents": {
    "tumor": 6254,
    "caf": 731,
    "macrophage": 1348,
    "cd8": 799,
    "cd4": 806,
    "treg": 60,
    "tls": 2
  },
  "field_initialization": {
    "ecm_mean": 0.2,
    "ecm_ring_strength": 0.0,
    "cxcl9_10_mean": 0.18,
    "cxcl13_mean": 0.16,
    "tgfb_mean": 0.12
  },
  "tls": {
    "quality_initial": 0.7,
    "quality_drift": -0.002
  },
  "chemokine_gain": {
    "tls_cxcl9_10": 1.0,
    "tls_cxcl13": 1.1,
    "tumor_cxcl9_10": 0.15
  },
  "tgfb_gain": 0.9,
  "macrophage": {
    "polarization_bias": -0.1,
    "initial_m2_fraction": 0.45
  },
  "suppression": {
    "treg": 0.22,
    "macrophage": 0.18
  },
  "ecm_penalty": 0.32,
  "suppressive_background": 0.05,
  "metadata": {
    "B": 210.48129889135024,
    "CD8 T": 375.10771457637935,
    "CD4 T": 378.7455345445576,
    "T reg": 28.12139885538583,
    "Epi.-like": 2593.5480023635305,
    "Epi. Prol.": 116.87956399269736,
    "Mesen.-like": 227.16817512866368,
    "Fib.": 343.4154745896189,
    "Endo.": 322.38098825984025,
    "Mast": 25.690436909650888,
    "Mono.": 68.05712233960148,
    "Mac.": 633.274819661754,
    "NK": 47.894257425579,
    "PMN-MDSC": 51.380873819301776,
    "pathology": "MIA",
    "radio": "PS",
    "EGFR": "MUT",
    "KRAS": "MUT",
    "RBM10": "WT",
    "TP53": "WT",
    "Smoking Status": "Former smokes",
    "Gender": "F",
    "Race": "White",
    "ROI_area": 2.275846956587036,
    "Group": "Group3"
  }
}