{
  "name": "GGO373",
  "description": "Patient-derived preset for GGO373",
  "grid": {
    "width": 100,
    "height": 100
  },
  "initial_agents": {
    "tumor": 7446,
    "caf": 492,
    "macrophage": 725,
    "cd8": 821,
    "cd4": 484,
    "treg": 31,
    "tls": 1
  },
  "field_initialization": {
    "ecm_mean": 0.15,
    "ecm_ring_strength": 0.0,
    "cxcl9_10_mean": 0.12,
    "cxcl13_mean": 0.05,
    "tgfb_mean": 0.1
  },
  "tls": {
    "quality_initial": 0.5,
    "quality_drift": -0.001
  },
  "chemokine_gain": {
    "tls_cxcl9_10": 0.4,
    "tls_cxcl13": 0.4,
    "tumor_cxcl9_10": 0.05
  },
  "tgfb_gain": 0.6,
  "macrophage": {
    "polarization_bias": -0.1,
    "initial_m2_fraction": 0.4
  },
  "suppression": {
    "treg": 0.18,
    "macrophage": 0.15
  },
  "ecm_penalty": 0.2,
  "suppressive_background": 0.03,
  "metadata": {
    "B": 0.0,
    "CD8 T": 362.2236770151016,
    "CD4 T": 213.78797178189345,
    "T reg": 13.55061579551572,
    "Epi.-like": 2892.746083796619,
    "Epi. Prol.": 89.60891090582976,
    "Mesen.-like": 305.1074137183862,
    "Fib.": 217.1762063172041,
    "Endo.": 718.6316744002846,
    "Mast": 25.738938689633933,
    "Mono.": 32.39556076453926,
    "Mac.": 319.8523180857359,
    "NK": 31.47239797668167,
    "PMN-MDSC": 39.939732449431965,
    "pathology": "IAC",
    "radio": "PNS",
    "EGFR": "WT",
    "KRAS": "MUT",
    "RBM10": "WT",
    "TP53": "WT",
    "Smoking Status": "Former smokes",
    "Gender": "F",
    "Race": "White",
    "ROI_area": 2.2877189101810984,
    "Group": "Group1"
  }
}