{
  "name": "GGO133",
  "description": "Patient-derived preset for GGO133",
  "grid": {
    "width": 100,
    "height": 100
  },
  "initial_agents": {
    "tumor": 3902,
    "caf": 521,
    "macrophage": 893,
    "cd8": 410,
    "cd4": 500,
    "treg": 54,
    "tls": 2
  },
  "field_initialization": {
    "ecm_mean": 0.2,
    "ecm_ring_strength": 0.0,
    "cxcl9_10_mean": 0.18,
    "cxcl13_mean": 0.16,
    "tgfb_mean": 0.12
  },
  "tls": {
    "quality_initial": 0.7,
    "quality_drift": -0.002
  },
  "chemokine_gain": {
    "tls_cxcl9_10": 1.0,
    "tls_cxcl13": 1.1,
    "tumor_cxcl9_10": 0.15
  },
  "tgfb_gain": 0.9,
  "macrophage": {
    "polarization_bias": -0.1,
    "initial_m2_fraction": 0.45
  },
  "suppression": {
    "treg": 0.22,
    "macrophage": 0.18
  },
  "ecm_penalty": 0.32,
  "suppressive_background": 0.05,
  "metadata": {
    "B": 603.4477936394258,
    "CD8 T": 190.87241680677485,
    "CD4 T": 232.77290907269963,
    "T reg": 25.13395304482417,
    "Epi.-like": 1456.382679427442,
    "Epi. Prol.": 88.8997228066929,
    "Mesen.-like": 270.88816059421606,
    "Fib.": 242.279499027644,
    "Endo.": 311.64116221291374,
    "Mast": 74.42522788219586,
    "Mono.": 36.20686761836555,
    "Mac.": 415.4267649005332,
    "NK": 249.9431997235293,
    "PMN-MDSC": 200.64639138510907,
    "pathology": "AIS",
    "radio": "PNS",
    "EGFR": "WT",
    "KRAS": "WT",
    "RBM10": "MUT",
    "TP53": "WT",
    "Smoking Status": "Former smokes",
    "Gender": "F",
    "Race": "White",
    "ROI_area": 2.14848813888113,
    "Group": "Group3"
  }
}