{
  "name": "GGO396",
  "description": "Patient-derived preset for GGO396",
  "grid": {
    "width": 100,
    "height": 100
  },
  "initial_agents": {
    "tumor": 5377,
    "caf": 1455,
    "macrophage": 1095,
    "cd8": 391,
    "cd4": 1640,
    "treg": 40,
    "tls": 2
  },
  "field_initialization": {
    "ecm_mean": 0.2,
    "ecm_ring_strength": 0.0,
    "cxcl9_10_mean": 0.18,
    "cxcl13_mean": 0.16,
    "tgfb_mean": 0.12
  },
  "tls": {
    "quality_initial": 0.7,
    "quality_drift": -0.002
  },
  "chemokine_gain": {
    "tls_cxcl9_10": 1.0,
    "tls_cxcl13": 1.1,
    "tumor_cxcl9_10": 0.15
  },
  "tgfb_gain": 0.9,
  "macrophage": {
    "polarization_bias": -0.1,
    "initial_m2_fraction": 0.45
  },
  "suppression": {
    "treg": 0.22,
    "macrophage": 0.18
  },
  "ecm_penalty": 0.32,
  "suppressive_background": 0.05,
  "metadata": {
    "B": 151.7184954085955,
    "CD8 T": 196.2973675273245,
    "CD4 T": 824.3275392675289,
    "T reg": 20.025131016241957,
    "Epi.-like": 2085.924288941822,
    "Epi. Prol.": 190.23874465429856,
    "Mesen.-like": 427.0576853681165,
    "Fib.": 731.3529318365092,
    "Endo.": 371.4849323249968,
    "Mast": 104.51718572592137,
    "Mono.": 48.46563047774578,
    "Mac.": 550.1402052974965,
    "NK": 37.002959486534046,
    "PMN-MDSC": 30.765139346742977,
    "pathology": "IAC",
    "radio": "PS",
    "EGFR": "MUT",
    "KRAS": "WT",
    "RBM10": "WT",
    "TP53": "MUT",
    "Smoking Status": "Former smokes",
    "Gender": "F",
    "Race": "White",
    "ROI_area": 2.297113560090588,
    "Group": "Group3"
  }
}