{
  "name": "GGO101",
  "description": "Patient-derived preset for GGO101",
  "grid": {
    "width": 100,
    "height": 100
  },
  "initial_agents": {
    "tumor": 6153,
    "caf": 765,
    "macrophage": 1632,
    "cd8": 741,
    "cd4": 694,
    "treg": 14,
    "tls": 1
  },
  "field_initialization": {
    "ecm_mean": 0.2,
    "ecm_ring_strength": 0.0,
    "cxcl9_10_mean": 0.18,
    "cxcl13_mean": 0.16,
    "tgfb_mean": 0.12
  },
  "tls": {
    "quality_initial": 0.7,
    "quality_drift": -0.002
  },
  "chemokine_gain": {
    "tls_cxcl9_10": 1.0,
    "tls_cxcl13": 1.1,
    "tumor_cxcl9_10": 0.15
  },
  "tgfb_gain": 0.9,
  "macrophage": {
    "polarization_bias": -0.1,
    "initial_m2_fraction": 0.45
  },
  "suppression": {
    "treg": 0.22,
    "macrophage": 0.18
  },
  "ecm_penalty": 0.32,
  "suppressive_background": 0.05,
  "metadata": {
    "B": 309.0290573188099,
    "CD8 T": 398.94443627931406,
    "CD4 T": 373.73414098371904,
    "T reg": 7.8014377852845875,
    "Epi.-like": 2881.075356656578,
    "Epi. Prol.": 135.74501746395185,
    "Mesen.-like": 295.6744920622859,
    "Fib.": 411.94756940082567,
    "Endo.": 414.3020911325086,
    "Mast": 49.843396341743535,
    "Mono.": 118.29499398440468,
    "Mac.": 878.9532156566634,
    "NK": 55.00013638625634,
    "PMN-MDSC": 65.12870455321155,
    "pathology": "AIS",
    "radio": "PNS",
    "EGFR": "WT",
    "KRAS": "WT",
    "RBM10": "WT",
    "TP53": "WT",
    "Smoking Status": "Current smokes",
    "Gender": "M",
    "Race": "White",
    "ROI_area": 2.5636300064745594,
    "Group": "Group3"
  }
}