{
  "name": "GGO332",
  "description": "Patient-derived preset for GGO332",
  "grid": {
    "width": 100,
    "height": 100
  },
  "initial_agents": {
    "tumor": 4845,
    "caf": 1465,
    "macrophage": 527,
    "cd8": 389,
    "cd4": 634,
    "treg": 14,
    "tls": 1
  },
  "field_initialization": {
    "ecm_mean": 0.15,
    "ecm_ring_strength": 0.0,
    "cxcl9_10_mean": 0.12,
    "cxcl13_mean": 0.05,
    "tgfb_mean": 0.1
  },
  "tls": {
    "quality_initial": 0.5,
    "quality_drift": -0.001
  },
  "chemokine_gain": {
    "tls_cxcl9_10": 0.4,
    "tls_cxcl13": 0.4,
    "tumor_cxcl9_10": 0.05
  },
  "tgfb_gain": 0.6,
  "macrophage": {
    "polarization_bias": -0.1,
    "initial_m2_fraction": 0.4
  },
  "suppression": {
    "treg": 0.18,
    "macrophage": 0.15
  },
  "ecm_penalty": 0.2,
  "suppressive_background": 0.03,
  "metadata": {
    "B": 0.0,
    "CD8 T": 185.2986984428737,
    "CD4 T": 302.3608142428127,
    "T reg": 6.67734170856276,
    "Epi.-like": 1863.343480411608,
    "Epi. Prol.": 51.98787473095291,
    "Mesen.-like": 395.394019742752,
    "Fib.": 698.7394878168215,
    "Endo.": 366.5666463448108,
    "Mast": 74.36330048589426,
    "Mono.": 101.02184216951672,
    "Mac.": 251.537443354246,
    "NK": 48.17225089748848,
    "PMN-MDSC": 0.0,
    "pathology": "MIA",
    "radio": "S",
    "EGFR": "MUT",
    "KRAS": "WT",
    "RBM10": "MUT",
    "TP53": "WT",
    "Smoking Status": "Never",
    "Gender": "F",
    "Race": "Asian",
    "ROI_area": 2.096642737640183,
    "Group": "Group1"
  }
}