{
  "name": "GGO369",
  "description": "Patient-derived preset for GGO369",
  "grid": {
    "width": 100,
    "height": 100
  },
  "initial_agents": {
    "tumor": 2739,
    "caf": 486,
    "macrophage": 527,
    "cd8": 134,
    "cd4": 352,
    "treg": 6,
    "tls": 1
  },
  "field_initialization": {
    "ecm_mean": 0.15,
    "ecm_ring_strength": 0.0,
    "cxcl9_10_mean": 0.12,
    "cxcl13_mean": 0.05,
    "tgfb_mean": 0.1
  },
  "tls": {
    "quality_initial": 0.5,
    "quality_drift": -0.001
  },
  "chemokine_gain": {
    "tls_cxcl9_10": 0.4,
    "tls_cxcl13": 0.4,
    "tumor_cxcl9_10": 0.05
  },
  "tgfb_gain": 0.6,
  "macrophage": {
    "polarization_bias": -0.1,
    "initial_m2_fraction": 0.4
  },
  "suppression": {
    "treg": 0.18,
    "macrophage": 0.15
  },
  "ecm_penalty": 0.2,
  "suppressive_background": 0.03,
  "metadata": {
    "B": 0.0,
    "CD8 T": 73.96386845758494,
    "CD4 T": 194.31787335064084,
    "T reg": 3.311815005563505,
    "Epi.-like": 1221.8355140447222,
    "Epi. Prol.": 57.404793429767416,
    "Mesen.-like": 232.37901955703924,
    "Fib.": 268.1211318503936,
    "Endo.": 181.99622927757025,
    "Mast": 58.25396657403533,
    "Mono.": 35.458936175499765,
    "Mac.": 291.0365309149794,
    "NK": 102.66626517246864,
    "PMN-MDSC": 0.0,
    "pathology": "AIS",
    "radio": "PNS",
    "EGFR": "WT",
    "KRAS": "MUT",
    "RBM10": "WT",
    "TP53": "MUT",
    "Smoking Status": "Former smokes",
    "Gender": "F",
    "Race": "White",
    "ROI_area": 1.8116953966089968,
    "Group": "Group1"
  }
}