{
  "name": "GGO112",
  "description": "Patient-derived preset for GGO112",
  "grid": {
    "width": 100,
    "height": 100
  },
  "initial_agents": {
    "tumor": 2967,
    "caf": 305,
    "macrophage": 231,
    "cd8": 203,
    "cd4": 951,
    "treg": 25,
    "tls": 1
  },
  "field_initialization": {
    "ecm_mean": 0.15,
    "ecm_ring_strength": 0.0,
    "cxcl9_10_mean": 0.12,
    "cxcl13_mean": 0.05,
    "tgfb_mean": 0.1
  },
  "tls": {
    "quality_initial": 0.5,
    "quality_drift": -0.001
  },
  "chemokine_gain": {
    "tls_cxcl9_10": 0.4,
    "tls_cxcl13": 0.4,
    "tumor_cxcl9_10": 0.05
  },
  "tgfb_gain": 0.6,
  "macrophage": {
    "polarization_bias": -0.1,
    "initial_m2_fraction": 0.4
  },
  "suppression": {
    "treg": 0.18,
    "macrophage": 0.15
  },
  "ecm_penalty": 0.2,
  "suppressive_background": 0.03,
  "metadata": {
    "B": 270.157483224302,
    "CD8 T": 96.05141209973684,
    "CD4 T": 451.0747630796801,
    "T reg": 11.855701574418076,
    "Epi.-like": 1178.6859010858827,
    "Epi. Prol.": 24.18563121181288,
    "Mesen.-like": 204.3922951429676,
    "Fib.": 144.4850923748099,
    "Endo.": 99.2799631992849,
    "Mast": 50.87711548480264,
    "Mono.": 22.894701968161183,
    "Mac.": 109.59034995262726,
    "NK": 20.39180670799909,
    "PMN-MDSC": 0.0,
    "pathology": "MIA",
    "radio": "PNS",
    "EGFR": "WT",
    "KRAS": "MUT",
    "RBM10": "WT",
    "TP53": "WT",
    "Smoking Status": "Former smokes",
    "Gender": "F",
    "Race": "White",
    "ROI_area": 2.108690054576302,
    "Group": "Group1"
  }
}