{
  "name": "GGO110",
  "description": "Patient-derived preset for GGO110",
  "grid": {
    "width": 100,
    "height": 100
  },
  "initial_agents": {
    "tumor": 3492,
    "caf": 1687,
    "macrophage": 1506,
    "cd8": 685,
    "cd4": 1400,
    "treg": 6,
    "tls": 1
  },
  "field_initialization": {
    "ecm_mean": 0.5,
    "ecm_ring_strength": 1.8,
    "cxcl9_10_mean": 0.08,
    "cxcl13_mean": 0.1,
    "tgfb_mean": 0.22
  },
  "tls": {
    "quality_initial": 0.4,
    "quality_drift": -0.003
  },
  "chemokine_gain": {
    "tls_cxcl9_10": 0.6,
    "tls_cxcl13": 0.8,
    "tumor_cxcl9_10": 0.08
  },
  "tgfb_gain": 1.4,
  "macrophage": {
    "polarization_bias": -0.35,
    "initial_m2_fraction": 0.75
  },
  "suppression": {
    "treg": 0.3,
    "macrophage": 0.26
  },
  "ecm_penalty": 0.52,
  "suppressive_background": 0.1,
  "metadata": {
    "B": 0.0,
    "CD8 T": 295.81423366754416,
    "CD4 T": 604.2622122975683,
    "T reg": 2.589269250886164,
    "Epi.-like": 1106.977959637818,
    "Epi. Prol.": 22.008788632532397,
    "Mesen.-like": 378.0333106293799,
    "Fib.": 727.8929466325214,
    "Endo.": 493.1579027472536,
    "Mast": 195.05250755893357,
    "Mono.": 82.38519154886463,
    "Mac.": 649.862370362214,
    "NK": 14.672525755021594,
    "PMN-MDSC": 10.242483273642629,
    "pathology": "AIS",
    "radio": "PNS",
    "EGFR": "MUT",
    "KRAS": "WT",
    "RBM10": "WT",
    "TP53": "MUT",
    "Smoking Status": "Never",
    "Gender": "F",
    "Race": "White",
    "ROI_area": 2.317256113069945,
    "Group": "Group4"
  }
}