{
  "name": "GGO312",
  "description": "Patient-derived preset for GGO312",
  "grid": {
    "width": 100,
    "height": 100
  },
  "initial_agents": {
    "tumor": 4371,
    "caf": 2024,
    "macrophage": 1056,
    "cd8": 1030,
    "cd4": 1491,
    "treg": 27,
    "tls": 1
  },
  "field_initialization": {
    "ecm_mean": 0.5,
    "ecm_ring_strength": 1.8,
    "cxcl9_10_mean": 0.08,
    "cxcl13_mean": 0.1,
    "tgfb_mean": 0.22
  },
  "tls": {
    "quality_initial": 0.4,
    "quality_drift": -0.003
  },
  "chemokine_gain": {
    "tls_cxcl9_10": 0.6,
    "tls_cxcl13": 0.8,
    "tumor_cxcl9_10": 0.08
  },
  "tgfb_gain": 1.4,
  "macrophage": {
    "polarization_bias": -0.35,
    "initial_m2_fraction": 0.75
  },
  "suppression": {
    "treg": 0.3,
    "macrophage": 0.26
  },
  "ecm_penalty": 0.52,
  "suppressive_background": 0.1,
  "metadata": {
    "B": 0.0,
    "CD8 T": 452.26450007779886,
    "CD4 T": 654.3852096526089,
    "T reg": 12.05510080425874,
    "Epi.-like": 1068.6673930823629,
    "Epi. Prol.": 42.59468950838089,
    "Mesen.-like": 806.0844071114345,
    "Fib.": 888.0487643032116,
    "Endo.": 719.6830683819292,
    "Mast": 151.0864299739407,
    "Mono.": 106.08196147106476,
    "Mac.": 463.51272484263313,
    "NK": 20.89550806071515,
    "PMN-MDSC": 0.0,
    "pathology": "IAC",
    "radio": "S",
    "EGFR": "MUT",
    "KRAS": "WT",
    "RBM10": "WT",
    "TP53": "MUT",
    "Smoking Status": "Former smokes",
    "Gender": "F",
    "Race": "White",
    "ROI_area": 2.4885731349008555,
    "Group": "Group4"
  }
}