{
  "name": "GGO153",
  "description": "Patient-derived preset for GGO153",
  "grid": {
    "width": 100,
    "height": 100
  },
  "initial_agents": {
    "tumor": 6652,
    "caf": 835,
    "macrophage": 1156,
    "cd8": 758,
    "cd4": 584,
    "treg": 13,
    "tls": 2
  },
  "field_initialization": {
    "ecm_mean": 0.2,
    "ecm_ring_strength": 0.0,
    "cxcl9_10_mean": 0.18,
    "cxcl13_mean": 0.16,
    "tgfb_mean": 0.12
  },
  "tls": {
    "quality_initial": 0.7,
    "quality_drift": -0.002
  },
  "chemokine_gain": {
    "tls_cxcl9_10": 1.0,
    "tls_cxcl13": 1.1,
    "tumor_cxcl9_10": 0.15
  },
  "tgfb_gain": 0.9,
  "macrophage": {
    "polarization_bias": -0.1,
    "initial_m2_fraction": 0.45
  },
  "suppression": {
    "treg": 0.22,
    "macrophage": 0.18
  },
  "ecm_penalty": 0.32,
  "suppressive_background": 0.05,
  "metadata": {
    "B": 0.0,
    "CD8 T": 425.54442390015015,
    "CD4 T": 327.59271734828405,
    "T reg": 7.226052052282863,
    "Epi.-like": 3393.000978839035,
    "Epi. Prol.": 58.23347830369131,
    "Mesen.-like": 282.6661538098885,
    "Fib.": 468.86690534622136,
    "Endo.": 433.4763331706089,
    "Mast": 183.5607288588276,
    "Mono.": 354.99557813472586,
    "Mac.": 649.2194883989972,
    "NK": 34.0049508342723,
    "PMN-MDSC": 46.83098321683074,
    "pathology": "AIS",
    "radio": "S",
    "EGFR": "MUT",
    "KRAS": "WT",
    "RBM10": "WT",
    "TP53": "WT",
    "Smoking Status": "Former smokes",
    "Gender": "M",
    "Race": "Asian",
    "ROI_area": 2.3525986080641834,
    "Group": "Group3"
  }
}