{
  "name": "GGO507",
  "description": "Patient-derived preset for GGO507",
  "grid": {
    "width": 100,
    "height": 100
  },
  "initial_agents": {
    "tumor": 4652,
    "caf": 1113,
    "macrophage": 911,
    "cd8": 836,
    "cd4": 1178,
    "treg": 20,
    "tls": 2
  },
  "field_initialization": {
    "ecm_mean": 0.2,
    "ecm_ring_strength": 0.0,
    "cxcl9_10_mean": 0.18,
    "cxcl13_mean": 0.16,
    "tgfb_mean": 0.12
  },
  "tls": {
    "quality_initial": 0.7,
    "quality_drift": -0.002
  },
  "chemokine_gain": {
    "tls_cxcl9_10": 1.0,
    "tls_cxcl13": 1.1,
    "tumor_cxcl9_10": 0.15
  },
  "tgfb_gain": 0.9,
  "macrophage": {
    "polarization_bias": -0.1,
    "initial_m2_fraction": 0.45
  },
  "suppression": {
    "treg": 0.22,
    "macrophage": 0.18
  },
  "ecm_penalty": 0.32,
  "suppressive_background": 0.05,
  "metadata": {
    "B": 166.85990078949186,
    "CD8 T": 343.7428072566223,
    "CD4 T": 484.0745623798066,
    "T reg": 8.219702031815762,
    "Epi.-like": 1473.5353956210677,
    "Epi. Prol.": 110.96597742951278,
    "Mesen.-like": 327.5551259678581,
    "Fib.": 457.3498964691677,
    "Endo.": 319.069894221495,
    "Mast": 62.51856747926698,
    "Mono.": 327.68352609822693,
    "Mac.": 374.48171633076686,
    "NK": 18.083344469994675,
    "PMN-MDSC": 9.91673828981476,
    "pathology": "IAC",
    "radio": "S",
    "EGFR": "MUT",
    "KRAS": "WT",
    "RBM10": "WT",
    "TP53": "WT",
    "Smoking Status": "Never",
    "Gender": "F",
    "Race": "Asian",
    "ROI_area": 2.433178225024044,
    "Group": "Group3"
  }
}