{
  "name": "GGO400",
  "description": "Patient-derived preset for GGO400",
  "grid": {
    "width": 100,
    "height": 100
  },
  "initial_agents": {
    "tumor": 7660,
    "caf": 1107,
    "macrophage": 373,
    "cd8": 254,
    "cd4": 594,
    "treg": 11,
    "tls": 1
  },
  "field_initialization": {
    "ecm_mean": 0.15,
    "ecm_ring_strength": 0.0,
    "cxcl9_10_mean": 0.12,
    "cxcl13_mean": 0.05,
    "tgfb_mean": 0.1
  },
  "tls": {
    "quality_initial": 0.5,
    "quality_drift": -0.001
  },
  "chemokine_gain": {
    "tls_cxcl9_10": 0.4,
    "tls_cxcl13": 0.4,
    "tumor_cxcl9_10": 0.05
  },
  "tgfb_gain": 0.6,
  "macrophage": {
    "polarization_bias": -0.1,
    "initial_m2_fraction": 0.4
  },
  "suppression": {
    "treg": 0.18,
    "macrophage": 0.15
  },
  "ecm_penalty": 0.2,
  "suppressive_background": 0.03,
  "metadata": {
    "B": 0.4695646070382441,
    "CD8 T": 140.17693078817445,
    "CD4 T": 326.914933851779,
    "T reg": 5.911778646008068,
    "Epi.-like": 3806.497802888046,
    "Epi. Prol.": 0.4547522035390822,
    "Mesen.-like": 409.73173538871305,
    "Fib.": 609.4300050114592,
    "Endo.": 403.510998260542,
    "Mast": 161.53022482115597,
    "Mono.": 30.52169945748587,
    "Mac.": 205.09021281873737,
    "NK": 30.92314984065759,
    "PMN-MDSC": 30.991264064524117,
    "pathology": "AIS",
    "radio": "PS",
    "EGFR": "MUT",
    "KRAS": "WT",
    "RBM10": "WT",
    "TP53": "WT",
    "Smoking Status": "Never",
    "Gender": "F",
    "Race": "Asian",
    "ROI_area": 2.1989997898142306,
    "Group": "Group1"
  }
}