{
  "name": "GGO121",
  "description": "Patient-derived preset for GGO121",
  "grid": {
    "width": 100,
    "height": 100
  },
  "initial_agents": {
    "tumor": 5372,
    "caf": 1272,
    "macrophage": 576,
    "cd8": 943,
    "cd4": 1171,
    "treg": 29,
    "tls": 1
  },
  "field_initialization": {
    "ecm_mean": 0.5,
    "ecm_ring_strength": 1.8,
    "cxcl9_10_mean": 0.08,
    "cxcl13_mean": 0.1,
    "tgfb_mean": 0.22
  },
  "tls": {
    "quality_initial": 0.4,
    "quality_drift": -0.003
  },
  "chemokine_gain": {
    "tls_cxcl9_10": 0.6,
    "tls_cxcl13": 0.8,
    "tumor_cxcl9_10": 0.08
  },
  "tgfb_gain": 1.4,
  "macrophage": {
    "polarization_bias": -0.35,
    "initial_m2_fraction": 0.75
  },
  "suppression": {
    "treg": 0.3,
    "macrophage": 0.26
  },
  "ecm_penalty": 0.52,
  "suppressive_background": 0.1,
  "metadata": {
    "B": 133.505204576352,
    "CD8 T": 396.3807443750656,
    "CD4 T": 491.8922272504149,
    "T reg": 12.185870396129294,
    "Epi.-like": 1639.233624228253,
    "Epi. Prol.": 76.05663936894491,
    "Mesen.-like": 542.0611314140273,
    "Fib.": 534.4123149728467,
    "Endo.": 467.3320680174117,
    "Mast": 253.49089476522536,
    "Mono.": 212.08738195357188,
    "Mac.": 242.01683581081903,
    "NK": 89.92331947488513,
    "PMN-MDSC": 0.0,
    "pathology": "MIA",
    "radio": "PS",
    "EGFR": "MUT",
    "KRAS": "WT",
    "RBM10": "WT",
    "TP53": "WT",
    "Smoking Status": "Former smokes",
    "Gender": "F",
    "Race": "White",
    "ROI_area": 2.3798053858517587,
    "Group": "Group4"
  }
}