{
  "name": "GGO234",
  "description": "Patient-derived preset for GGO234",
  "grid": {
    "width": 100,
    "height": 100
  },
  "initial_agents": {
    "tumor": 1417,
    "caf": 276,
    "macrophage": 349,
    "cd8": 335,
    "cd4": 308,
    "treg": 2,
    "tls": 1
  },
  "field_initialization": {
    "ecm_mean": 0.15,
    "ecm_ring_strength": 0.0,
    "cxcl9_10_mean": 0.12,
    "cxcl13_mean": 0.05,
    "tgfb_mean": 0.1
  },
  "tls": {
    "quality_initial": 0.5,
    "quality_drift": -0.001
  },
  "chemokine_gain": {
    "tls_cxcl9_10": 0.4,
    "tls_cxcl13": 0.4,
    "tumor_cxcl9_10": 0.05
  },
  "tgfb_gain": 0.6,
  "macrophage": {
    "polarization_bias": -0.1,
    "initial_m2_fraction": 0.4
  },
  "suppression": {
    "treg": 0.18,
    "macrophage": 0.15
  },
  "ecm_penalty": 0.2,
  "suppressive_background": 0.03,
  "metadata": {
    "B": 0.0,
    "CD8 T": 186.02656031530853,
    "CD4 T": 171.30439640556807,
    "T reg": 1.1112970827072866,
    "Epi.-like": 650.9628667070432,
    "Epi. Prol.": 5.556485413536432,
    "Mesen.-like": 130.57740721810617,
    "Fib.": 153.20977423498505,
    "Endo.": 196.56786278921012,
    "Mast": 38.334704481139255,
    "Mono.": 18.07207496967993,
    "Mac.": 193.7350332579037,
    "NK": 23.337238736853017,
    "PMN-MDSC": 0.0,
    "pathology": "AIS",
    "radio": "PNS",
    "EGFR": NaN,
    "KRAS": NaN,
    "RBM10": NaN,
    "TP53": NaN,
    "Smoking Status": "Current smokes",
    "Gender": "F",
    "Race": "Unknown",
    "ROI_area": 1.799698776431321,
    "Group": "Group1"
  }
}