{
  "name": "GGO512",
  "description": "Patient-derived preset for GGO512",
  "grid": {
    "width": 100,
    "height": 100
  },
  "initial_agents": {
    "tumor": 5773,
    "caf": 860,
    "macrophage": 424,
    "cd8": 732,
    "cd4": 1001,
    "treg": 45,
    "tls": 2
  },
  "field_initialization": {
    "ecm_mean": 0.2,
    "ecm_ring_strength": 0.0,
    "cxcl9_10_mean": 0.18,
    "cxcl13_mean": 0.16,
    "tgfb_mean": 0.12
  },
  "tls": {
    "quality_initial": 0.7,
    "quality_drift": -0.002
  },
  "chemokine_gain": {
    "tls_cxcl9_10": 1.0,
    "tls_cxcl13": 1.1,
    "tumor_cxcl9_10": 0.15
  },
  "tgfb_gain": 0.9,
  "macrophage": {
    "polarization_bias": -0.1,
    "initial_m2_fraction": 0.45
  },
  "suppression": {
    "treg": 0.22,
    "macrophage": 0.18
  },
  "ecm_penalty": 0.32,
  "suppressive_background": 0.05,
  "metadata": {
    "B": 528.2497187500209,
    "CD8 T": 332.0691269186853,
    "CD4 T": 454.2922099365235,
    "T reg": 20.42512348483234,
    "Epi.-like": 1907.709464913528,
    "Epi. Prol.": 166.57822930963266,
    "Mesen.-like": 546.0316344945179,
    "Fib.": 390.36261498682615,
    "Endo.": 233.66010075038645,
    "Mast": 91.1784946061002,
    "Mono.": 98.70699416073232,
    "Mac.": 192.63596151742811,
    "NK": 43.57359676764233,
    "PMN-MDSC": 0.0,
    "pathology": "IAC",
    "radio": "S",
    "EGFR": "WT",
    "KRAS": "WT",
    "RBM10": "WT",
    "TP53": "MUT",
    "Smoking Status": "Former smokes",
    "Gender": "F",
    "Race": "White",
    "ROI_area": 2.2031690546897758,
    "Group": "Group3"
  }
}