{
  "name": "GGO256",
  "description": "Patient-derived preset for GGO256",
  "grid": {
    "width": 100,
    "height": 100
  },
  "initial_agents": {
    "tumor": 4727,
    "caf": 1752,
    "macrophage": 1014,
    "cd8": 889,
    "cd4": 1224,
    "treg": 57,
    "tls": 1
  },
  "field_initialization": {
    "ecm_mean": 0.5,
    "ecm_ring_strength": 1.8,
    "cxcl9_10_mean": 0.08,
    "cxcl13_mean": 0.1,
    "tgfb_mean": 0.22
  },
  "tls": {
    "quality_initial": 0.4,
    "quality_drift": -0.003
  },
  "chemokine_gain": {
    "tls_cxcl9_10": 0.6,
    "tls_cxcl13": 0.8,
    "tumor_cxcl9_10": 0.08
  },
  "tgfb_gain": 1.4,
  "macrophage": {
    "polarization_bias": -0.35,
    "initial_m2_fraction": 0.75
  },
  "suppression": {
    "treg": 0.3,
    "macrophage": 0.26
  },
  "ecm_penalty": 0.52,
  "suppressive_background": 0.1,
  "metadata": {
    "B": 0.0,
    "CD8 T": 371.3639065796218,
    "CD4 T": 511.4057632233254,
    "T reg": 23.811308734099043,
    "Epi.-like": 1578.8786716160846,
    "Epi. Prol.": 48.45810198518402,
    "Mesen.-like": 347.14381680765445,
    "Fib.": 731.9122166668699,
    "Endo.": 406.9397304477885,
    "Mast": 189.560145766338,
    "Mono.": 120.08335025921863,
    "Mac.": 423.77192814850457,
    "NK": 19.21614389067642,
    "PMN-MDSC": 0.0,
    "pathology": "IAC",
    "radio": "PS",
    "EGFR": "MUT",
    "KRAS": "WT",
    "RBM10": "WT",
    "TP53": "WT",
    "Smoking Status": "Never",
    "Gender": "F",
    "Race": "White",
    "ROI_area": 2.393820542857143,
    "Group": "Group4"
  }
}