{
  "name": "GGO122",
  "description": "Patient-derived preset for GGO122",
  "grid": {
    "width": 100,
    "height": 100
  },
  "initial_agents": {
    "tumor": 4158,
    "caf": 885,
    "macrophage": 1069,
    "cd8": 474,
    "cd4": 956,
    "treg": 35,
    "tls": 1
  },
  "field_initialization": {
    "ecm_mean": 0.5,
    "ecm_ring_strength": 1.8,
    "cxcl9_10_mean": 0.08,
    "cxcl13_mean": 0.1,
    "tgfb_mean": 0.22
  },
  "tls": {
    "quality_initial": 0.4,
    "quality_drift": -0.003
  },
  "chemokine_gain": {
    "tls_cxcl9_10": 0.6,
    "tls_cxcl13": 0.8,
    "tumor_cxcl9_10": 0.08
  },
  "tgfb_gain": 1.4,
  "macrophage": {
    "polarization_bias": -0.35,
    "initial_m2_fraction": 0.75
  },
  "suppression": {
    "treg": 0.3,
    "macrophage": 0.26
  },
  "ecm_penalty": 0.52,
  "suppressive_background": 0.1,
  "metadata": {
    "B": 200.04521205406888,
    "CD8 T": 214.1900361638207,
    "CD4 T": 432.47100481902834,
    "T reg": 15.8267405038987,
    "Epi.-like": 1427.8383475735193,
    "Epi. Prol.": 51.5499547841272,
    "Mesen.-like": 400.64263104155,
    "Fib.": 399.995370560826,
    "Endo.": 639.9638040561465,
    "Mast": 284.34997999114074,
    "Mono.": 106.2144816382318,
    "Mac.": 483.3326692896584,
    "NK": 53.810917713255584,
    "PMN-MDSC": 38.58014803899899,
    "pathology": "MIA",
    "radio": "PNS",
    "EGFR": "MUT",
    "KRAS": "WT",
    "RBM10": "WT",
    "TP53": "WT",
    "Smoking Status": "Former smokes",
    "Gender": "F",
    "Race": "White",
    "ROI_area": 2.211447138555044,
    "Group": "Group4"
  }
}