{
  "name": "GGO129",
  "description": "Patient-derived preset for GGO129",
  "grid": {
    "width": 100,
    "height": 100
  },
  "initial_agents": {
    "tumor": 5049,
    "caf": 719,
    "macrophage": 775,
    "cd8": 599,
    "cd4": 545,
    "treg": 5,
    "tls": 1
  },
  "field_initialization": {
    "ecm_mean": 0.15,
    "ecm_ring_strength": 0.0,
    "cxcl9_10_mean": 0.12,
    "cxcl13_mean": 0.05,
    "tgfb_mean": 0.1
  },
  "tls": {
    "quality_initial": 0.5,
    "quality_drift": -0.001
  },
  "chemokine_gain": {
    "tls_cxcl9_10": 0.4,
    "tls_cxcl13": 0.4,
    "tumor_cxcl9_10": 0.05
  },
  "tgfb_gain": 0.6,
  "macrophage": {
    "polarization_bias": -0.1,
    "initial_m2_fraction": 0.4
  },
  "suppression": {
    "treg": 0.18,
    "macrophage": 0.15
  },
  "ecm_penalty": 0.2,
  "suppressive_background": 0.03,
  "metadata": {
    "B": 0.0,
    "CD8 T": 279.8353609836578,
    "CD4 T": 254.4822115833853,
    "T reg": 2.3349831193664707,
    "Epi.-like": 2012.6004869876576,
    "Epi. Prol.": 56.50659148866859,
    "Mesen.-like": 288.6039135536958,
    "Fib.": 335.69818501606494,
    "Endo.": 367.55176728572815,
    "Mast": 25.159130581390357,
    "Mono.": 149.4748346306133,
    "Mac.": 361.8395052592559,
    "NK": 224.62537608305448,
    "PMN-MDSC": 0.0,
    "pathology": "MIA",
    "radio": "PNS",
    "EGFR": "WT",
    "KRAS": "WT",
    "RBM10": "MUT",
    "TP53": "WT",
    "Smoking Status": "Former smokes",
    "Gender": "F",
    "Race": "Black or African American",
    "ROI_area": 2.141343103737985,
    "Group": "Group1"
  }
}