{
  "name": "GGO352",
  "description": "Patient-derived preset for GGO352",
  "grid": {
    "width": 100,
    "height": 100
  },
  "initial_agents": {
    "tumor": 3382,
    "caf": 518,
    "macrophage": 1293,
    "cd8": 573,
    "cd4": 758,
    "treg": 3,
    "tls": 1
  },
  "field_initialization": {
    "ecm_mean": 0.15,
    "ecm_ring_strength": 0.0,
    "cxcl9_10_mean": 0.12,
    "cxcl13_mean": 0.05,
    "tgfb_mean": 0.1
  },
  "tls": {
    "quality_initial": 0.5,
    "quality_drift": -0.001
  },
  "chemokine_gain": {
    "tls_cxcl9_10": 0.4,
    "tls_cxcl13": 0.4,
    "tumor_cxcl9_10": 0.05
  },
  "tgfb_gain": 0.6,
  "macrophage": {
    "polarization_bias": -0.1,
    "initial_m2_fraction": 0.4
  },
  "suppression": {
    "treg": 0.18,
    "macrophage": 0.15
  },
  "ecm_penalty": 0.2,
  "suppressive_background": 0.03,
  "metadata": {
    "B": 167.37305532476142,
    "CD8 T": 299.4936678406877,
    "CD4 T": 395.8603229162553,
    "T reg": 1.5666967119021549,
    "Epi.-like": 1393.3884774746384,
    "Epi. Prol.": 37.078488848351,
    "Mesen.-like": 335.79532858436187,
    "Fib.": 270.60453274420024,
    "Endo.": 444.21162962016535,
    "Mast": 44.16788959958982,
    "Mono.": 83.22160250870081,
    "Mac.": 675.4910724370131,
    "NK": 32.90063094994525,
    "PMN-MDSC": 13.947754610396784,
    "pathology": "AIS",
    "radio": "PNS",
    "EGFR": "WT",
    "KRAS": "WT",
    "RBM10": "WT",
    "TP53": "WT",
    "Smoking Status": "Current smokes",
    "Gender": "M",
    "Race": "White",
    "ROI_area": 1.9148568942597997,
    "Group": "Group1"
  }
}