{
  "name": "GGO385",
  "description": "Patient-derived preset for GGO385",
  "grid": {
    "width": 100,
    "height": 100
  },
  "initial_agents": {
    "tumor": 6111,
    "caf": 648,
    "macrophage": 468,
    "cd8": 267,
    "cd4": 360,
    "treg": 5,
    "tls": 1
  },
  "field_initialization": {
    "ecm_mean": 0.15,
    "ecm_ring_strength": 0.0,
    "cxcl9_10_mean": 0.12,
    "cxcl13_mean": 0.05,
    "tgfb_mean": 0.1
  },
  "tls": {
    "quality_initial": 0.5,
    "quality_drift": -0.001
  },
  "chemokine_gain": {
    "tls_cxcl9_10": 0.4,
    "tls_cxcl13": 0.4,
    "tumor_cxcl9_10": 0.05
  },
  "tgfb_gain": 0.6,
  "macrophage": {
    "polarization_bias": -0.1,
    "initial_m2_fraction": 0.4
  },
  "suppression": {
    "treg": 0.18,
    "macrophage": 0.15
  },
  "ecm_penalty": 0.2,
  "suppressive_background": 0.03,
  "metadata": {
    "B": 0.0,
    "CD8 T": 90.62932311035472,
    "CD4 T": 121.99104964805656,
    "T reg": 1.6949011053303724,
    "Epi.-like": 1812.756032701613,
    "Epi. Prol.": 69.82992553961135,
    "Mesen.-like": 188.8119831338035,
    "Fib.": 219.73895740079888,
    "Endo.": 254.20625188186187,
    "Mast": 20.36335915626681,
    "Mono.": 17.554619962298975,
    "Mac.": 158.49852269656287,
    "NK": 17.965951716501948,
    "PMN-MDSC": 15.448065566823097,
    "pathology": "AIS",
    "radio": "PNS",
    "EGFR": "WT",
    "KRAS": "WT",
    "RBM10": "MUT",
    "TP53": "WT",
    "Smoking Status": "Never",
    "Gender": "M",
    "Race": "White",
    "ROI_area": 2.950024626378064,
    "Group": "Group1"
  }
}