{
  "name": "GGO127",
  "description": "Patient-derived preset for GGO127",
  "grid": {
    "width": 100,
    "height": 100
  },
  "initial_agents": {
    "tumor": 3686,
    "caf": 1092,
    "macrophage": 942,
    "cd8": 610,
    "cd4": 508,
    "treg": 5,
    "tls": 1
  },
  "field_initialization": {
    "ecm_mean": 0.15,
    "ecm_ring_strength": 0.0,
    "cxcl9_10_mean": 0.12,
    "cxcl13_mean": 0.05,
    "tgfb_mean": 0.1
  },
  "tls": {
    "quality_initial": 0.5,
    "quality_drift": -0.001
  },
  "chemokine_gain": {
    "tls_cxcl9_10": 0.4,
    "tls_cxcl13": 0.4,
    "tumor_cxcl9_10": 0.05
  },
  "tgfb_gain": 0.6,
  "macrophage": {
    "polarization_bias": -0.1,
    "initial_m2_fraction": 0.4
  },
  "suppression": {
    "treg": 0.18,
    "macrophage": 0.15
  },
  "ecm_penalty": 0.2,
  "suppressive_background": 0.03,
  "metadata": {
    "B": 0.0,
    "CD8 T": 283.1893787010568,
    "CD4 T": 235.84528364411003,
    "T reg": 2.3203145482616363,
    "Epi.-like": 1455.9557528855444,
    "Epi. Prol.": 42.693787688014105,
    "Mesen.-like": 212.07674971111356,
    "Fib.": 506.7446489614364,
    "Endo.": 279.5480797922686,
    "Mast": 79.90375220174627,
    "Mono.": 20.45155562306601,
    "Mac.": 437.32976539363057,
    "NK": 32.02034076601058,
    "PMN-MDSC": 30.43952464828429,
    "pathology": "MIA",
    "radio": "PS",
    "EGFR": "MUT",
    "KRAS": "WT",
    "RBM10": "WT",
    "TP53": "WT",
    "Smoking Status": "Former smokes",
    "Gender": "M",
    "Race": "Asian",
    "ROI_area": 2.154880252656247,
    "Group": "Group1"
  }
}