{
  "name": "GGO313",
  "description": "Patient-derived preset for GGO313",
  "grid": {
    "width": 100,
    "height": 100
  },
  "initial_agents": {
    "tumor": 4297,
    "caf": 2081,
    "macrophage": 1559,
    "cd8": 916,
    "cd4": 938,
    "treg": 208,
    "tls": 1
  },
  "field_initialization": {
    "ecm_mean": 0.5,
    "ecm_ring_strength": 1.8,
    "cxcl9_10_mean": 0.08,
    "cxcl13_mean": 0.1,
    "tgfb_mean": 0.22
  },
  "tls": {
    "quality_initial": 0.4,
    "quality_drift": -0.003
  },
  "chemokine_gain": {
    "tls_cxcl9_10": 0.6,
    "tls_cxcl13": 0.8,
    "tumor_cxcl9_10": 0.08
  },
  "tgfb_gain": 1.4,
  "macrophage": {
    "polarization_bias": -0.35,
    "initial_m2_fraction": 0.75
  },
  "suppression": {
    "treg": 0.3,
    "macrophage": 0.26
  },
  "ecm_penalty": 0.52,
  "suppressive_background": 0.1,
  "metadata": {
    "B": 0.0,
    "CD8 T": 436.2450281136627,
    "CD4 T": 447.044236256502,
    "T reg": 99.04768788369738,
    "Epi.-like": 1472.424714093194,
    "Epi. Prol.": 12.792136811547632,
    "Mesen.-like": 562.1230404617216,
    "Fib.": 991.6525909834291,
    "Endo.": 242.2334644891469,
    "Mast": 132.24746073072802,
    "Mono.": 37.5030112519975,
    "Mac.": 743.0869812069882,
    "NK": 69.80851802873137,
    "PMN-MDSC": 6.250501875332916,
    "pathology": "IAC",
    "radio": "S",
    "EGFR": "MUT",
    "KRAS": "WT",
    "RBM10": "WT",
    "TP53": "MUT",
    "Smoking Status": "Former smokes",
    "Gender": "M",
    "Race": "White",
    "ROI_area": 2.736055790804632,
    "Group": "Group4"
  }
}