{
  "name": "GGO149",
  "description": "Patient-derived preset for GGO149",
  "grid": {
    "width": 100,
    "height": 100
  },
  "initial_agents": {
    "tumor": 3549,
    "caf": 823,
    "macrophage": 966,
    "cd8": 573,
    "cd4": 435,
    "treg": 15,
    "tls": 1
  },
  "field_initialization": {
    "ecm_mean": 0.15,
    "ecm_ring_strength": 0.0,
    "cxcl9_10_mean": 0.12,
    "cxcl13_mean": 0.05,
    "tgfb_mean": 0.1
  },
  "tls": {
    "quality_initial": 0.5,
    "quality_drift": -0.001
  },
  "chemokine_gain": {
    "tls_cxcl9_10": 0.4,
    "tls_cxcl13": 0.4,
    "tumor_cxcl9_10": 0.05
  },
  "tgfb_gain": 0.6,
  "macrophage": {
    "polarization_bias": -0.1,
    "initial_m2_fraction": 0.4
  },
  "suppression": {
    "treg": 0.18,
    "macrophage": 0.15
  },
  "ecm_penalty": 0.2,
  "suppressive_background": 0.03,
  "metadata": {
    "B": 343.6926309769088,
    "CD8 T": 289.9455589299982,
    "CD4 T": 220.4583587986374,
    "T reg": 7.593504116563415,
    "Epi.-like": 1453.502768597879,
    "Epi. Prol.": 44.042323876067805,
    "Mesen.-like": 299.18406219259856,
    "Fib.": 416.6593362590535,
    "Endo.": 339.71607946826896,
    "Mast": 124.97913853705774,
    "Mono.": 68.6360842785481,
    "Mac.": 489.24369780101335,
    "NK": 95.17191826092814,
    "PMN-MDSC": 60.44073093185579,
    "pathology": "AIS",
    "radio": "PS",
    "EGFR": "WT",
    "KRAS": "MUT",
    "RBM10": "MUT",
    "TP53": "WT",
    "Smoking Status": "Current smokes",
    "Gender": "F",
    "Race": "White",
    "ROI_area": 1.9753726039709496,
    "Group": "Group1"
  }
}