{
  "name": "GGO398",
  "description": "Patient-derived preset for GGO398",
  "grid": {
    "width": 100,
    "height": 100
  },
  "initial_agents": {
    "tumor": 5941,
    "caf": 1075,
    "macrophage": 1007,
    "cd8": 607,
    "cd4": 1312,
    "treg": 56,
    "tls": 2
  },
  "field_initialization": {
    "ecm_mean": 0.2,
    "ecm_ring_strength": 0.0,
    "cxcl9_10_mean": 0.18,
    "cxcl13_mean": 0.16,
    "tgfb_mean": 0.12
  },
  "tls": {
    "quality_initial": 0.7,
    "quality_drift": -0.002
  },
  "chemokine_gain": {
    "tls_cxcl9_10": 1.0,
    "tls_cxcl13": 1.1,
    "tumor_cxcl9_10": 0.15
  },
  "tgfb_gain": 0.9,
  "macrophage": {
    "polarization_bias": -0.1,
    "initial_m2_fraction": 0.45
  },
  "suppression": {
    "treg": 0.22,
    "macrophage": 0.18
  },
  "ecm_penalty": 0.32,
  "suppressive_background": 0.05,
  "metadata": {
    "B": 425.4511215002997,
    "CD8 T": 329.5724501733213,
    "CD4 T": 713.2275423589243,
    "T reg": 30.42813553760268,
    "Epi.-like": 2827.029245747548,
    "Epi. Prol.": 121.71254215041073,
    "Mesen.-like": 281.2546582124356,
    "Fib.": 584.4642890936772,
    "Endo.": 264.38083042596514,
    "Mast": 252.2135390929921,
    "Mono.": 174.9359900779676,
    "Mac.": 547.2516164388445,
    "NK": 20.97074205969914,
    "PMN-MDSC": 38.63877450751226,
    "pathology": "AIS",
    "radio": "PS",
    "EGFR": "MUT",
    "KRAS": "WT",
    "RBM10": "WT",
    "TP53": "WT",
    "Smoking Status": "Former smokes",
    "Gender": "F",
    "Race": "White",
    "ROI_area": 2.43195972058662,
    "Group": "Group3"
  }
}