{
  "name": "GGO201",
  "description": "Patient-derived preset for GGO201",
  "grid": {
    "width": 100,
    "height": 100
  },
  "initial_agents": {
    "tumor": 5511,
    "caf": 789,
    "macrophage": 1023,
    "cd8": 1141,
    "cd4": 1463,
    "treg": 71,
    "tls": 2
  },
  "field_initialization": {
    "ecm_mean": 0.2,
    "ecm_ring_strength": 0.0,
    "cxcl9_10_mean": 0.18,
    "cxcl13_mean": 0.16,
    "tgfb_mean": 0.12
  },
  "tls": {
    "quality_initial": 0.7,
    "quality_drift": -0.002
  },
  "chemokine_gain": {
    "tls_cxcl9_10": 1.0,
    "tls_cxcl13": 1.1,
    "tumor_cxcl9_10": 0.15
  },
  "tgfb_gain": 0.9,
  "macrophage": {
    "polarization_bias": -0.1,
    "initial_m2_fraction": 0.45
  },
  "suppression": {
    "treg": 0.22,
    "macrophage": 0.18
  },
  "ecm_penalty": 0.32,
  "suppressive_background": 0.05,
  "metadata": {
    "B": 566.8931076996278,
    "CD8 T": 592.4854099718341,
    "CD4 T": 759.7361562894932,
    "T reg": 37.06725341488824,
    "Epi.-like": 2288.1665968483967,
    "Epi. Prol.": 146.89615242196447,
    "Mesen.-like": 426.9598448900089,
    "Fib.": 409.4641580489241,
    "Endo.": 211.0356870653005,
    "Mast": 207.8459387789351,
    "Mono.": 259.1383914818912,
    "Mac.": 531.2881497048093,
    "NK": 26.08436351418061,
    "PMN-MDSC": 14.71870381910914,
    "pathology": "MIA",
    "radio": "S",
    "EGFR": "MUT",
    "KRAS": "WT",
    "RBM10": "MUT",
    "TP53": "WT",
    "Smoking Status": "Never",
    "Gender": "F",
    "Race": "White",
    "ROI_area": 2.185217207581557,
    "Group": "Group3"
  }
}