{
  "name": "GGO134",
  "description": "Patient-derived preset for GGO134",
  "grid": {
    "width": 100,
    "height": 100
  },
  "initial_agents": {
    "tumor": 4669,
    "caf": 682,
    "macrophage": 859,
    "cd8": 527,
    "cd4": 482,
    "treg": 56,
    "tls": 1
  },
  "field_initialization": {
    "ecm_mean": 0.15,
    "ecm_ring_strength": 0.0,
    "cxcl9_10_mean": 0.12,
    "cxcl13_mean": 0.05,
    "tgfb_mean": 0.1
  },
  "tls": {
    "quality_initial": 0.5,
    "quality_drift": -0.001
  },
  "chemokine_gain": {
    "tls_cxcl9_10": 0.4,
    "tls_cxcl13": 0.4,
    "tumor_cxcl9_10": 0.05
  },
  "tgfb_gain": 0.6,
  "macrophage": {
    "polarization_bias": -0.1,
    "initial_m2_fraction": 0.4
  },
  "suppression": {
    "treg": 0.18,
    "macrophage": 0.15
  },
  "ecm_penalty": 0.2,
  "suppressive_background": 0.03,
  "metadata": {
    "B": 151.36576948034752,
    "CD8 T": 262.2632551312959,
    "CD4 T": 239.84329572129508,
    "T reg": 27.865996076764,
    "Epi.-like": 1969.541847631044,
    "Epi. Prol.": 74.64106091990357,
    "Mesen.-like": 279.15756784043936,
    "Fib.": 339.4699155918925,
    "Endo.": 219.2994641948453,
    "Mast": 118.89093166456388,
    "Mono.": 106.78167010613606,
    "Mac.": 427.3598621184291,
    "NK": 51.75113557113314,
    "PMN-MDSC": 9.35715665878512,
    "pathology": "MIA",
    "radio": "PS",
    "EGFR": "WT",
    "KRAS": "WT",
    "RBM10": "MUT",
    "TP53": "WT",
    "Smoking Status": "Current smokes",
    "Gender": "F",
    "Race": "White",
    "ROI_area": 2.0096177378958107,
    "Group": "Group1"
  }
}