{
  "name": "GGO137",
  "description": "Patient-derived preset for GGO137",
  "grid": {
    "width": 100,
    "height": 100
  },
  "initial_agents": {
    "tumor": 3761,
    "caf": 968,
    "macrophage": 999,
    "cd8": 488,
    "cd4": 763,
    "treg": 30,
    "tls": 1
  },
  "field_initialization": {
    "ecm_mean": 0.15,
    "ecm_ring_strength": 0.0,
    "cxcl9_10_mean": 0.12,
    "cxcl13_mean": 0.05,
    "tgfb_mean": 0.1
  },
  "tls": {
    "quality_initial": 0.5,
    "quality_drift": -0.001
  },
  "chemokine_gain": {
    "tls_cxcl9_10": 0.4,
    "tls_cxcl13": 0.4,
    "tumor_cxcl9_10": 0.05
  },
  "tgfb_gain": 0.6,
  "macrophage": {
    "polarization_bias": -0.1,
    "initial_m2_fraction": 0.4
  },
  "suppression": {
    "treg": 0.18,
    "macrophage": 0.15
  },
  "ecm_penalty": 0.2,
  "suppressive_background": 0.03,
  "metadata": {
    "B": 0.0,
    "CD8 T": 209.8211060974249,
    "CD4 T": 328.2888885138097,
    "T reg": 12.907531944654526,
    "Epi.-like": 1297.7503010437413,
    "Epi. Prol.": 28.39657027823996,
    "Mesen.-like": 292.1404730140141,
    "Fib.": 416.63594928216935,
    "Endo.": 445.3863113579061,
    "Mast": 154.92912888640026,
    "Mono.": 103.13978835213616,
    "Mac.": 429.9320975890434,
    "NK": 39.1528468987854,
    "PMN-MDSC": 13.16678149176206,
    "pathology": "MIA",
    "radio": "PNS",
    "EGFR": "WT",
    "KRAS": "WT",
    "RBM10": "MUT",
    "TP53": "WT",
    "Smoking Status": "Former smokes",
    "Gender": "M",
    "Race": "Unknown",
    "ROI_area": 2.324224346578052,
    "Group": "Group1"
  }
}