{
  "name": "GGO180",
  "description": "Patient-derived preset for GGO180",
  "grid": {
    "width": 100,
    "height": 100
  },
  "initial_agents": {
    "tumor": 2171,
    "caf": 444,
    "macrophage": 637,
    "cd8": 288,
    "cd4": 220,
    "treg": 10,
    "tls": 1
  },
  "field_initialization": {
    "ecm_mean": 0.15,
    "ecm_ring_strength": 0.0,
    "cxcl9_10_mean": 0.12,
    "cxcl13_mean": 0.05,
    "tgfb_mean": 0.1
  },
  "tls": {
    "quality_initial": 0.5,
    "quality_drift": -0.001
  },
  "chemokine_gain": {
    "tls_cxcl9_10": 0.4,
    "tls_cxcl13": 0.4,
    "tumor_cxcl9_10": 0.05
  },
  "tgfb_gain": 0.6,
  "macrophage": {
    "polarization_bias": -0.1,
    "initial_m2_fraction": 0.4
  },
  "suppression": {
    "treg": 0.18,
    "macrophage": 0.15
  },
  "ecm_penalty": 0.2,
  "suppressive_background": 0.03,
  "metadata": {
    "B": 0.0,
    "CD8 T": 155.80379947063528,
    "CD4 T": 119.18729772054238,
    "T reg": 5.415671685554115,
    "Epi.-like": 913.9434250207592,
    "Epi. Prol.": 21.66268674221646,
    "Mesen.-like": 239.9142556700473,
    "Fib.": 240.6282978518542,
    "Endo.": 437.0484387342233,
    "Mast": 127.86335601708744,
    "Mono.": 17.48558714763589,
    "Mac.": 345.0706500462732,
    "NK": 21.121119573661048,
    "PMN-MDSC": 16.939162549272268,
    "pathology": "MIA",
    "radio": "PNS",
    "EGFR": NaN,
    "KRAS": NaN,
    "RBM10": NaN,
    "TP53": NaN,
    "Smoking Status": "Never",
    "Gender": "F",
    "Race": "Asian",
    "ROI_area": 1.84649302628042,
    "Group": "Group1"
  }
}