{
  "name": "GGO257",
  "description": "Patient-derived preset for GGO257",
  "grid": {
    "width": 100,
    "height": 100
  },
  "initial_agents": {
    "tumor": 6379,
    "caf": 1131,
    "macrophage": 637,
    "cd8": 649,
    "cd4": 1166,
    "treg": 36,
    "tls": 2
  },
  "field_initialization": {
    "ecm_mean": 0.2,
    "ecm_ring_strength": 0.0,
    "cxcl9_10_mean": 0.18,
    "cxcl13_mean": 0.16,
    "tgfb_mean": 0.12
  },
  "tls": {
    "quality_initial": 0.7,
    "quality_drift": -0.002
  },
  "chemokine_gain": {
    "tls_cxcl9_10": 1.0,
    "tls_cxcl13": 1.1,
    "tumor_cxcl9_10": 0.15
  },
  "tgfb_gain": 0.9,
  "macrophage": {
    "polarization_bias": -0.1,
    "initial_m2_fraction": 0.45
  },
  "suppression": {
    "treg": 0.22,
    "macrophage": 0.18
  },
  "ecm_penalty": 0.32,
  "suppressive_background": 0.05,
  "metadata": {
    "B": 0.0,
    "CD8 T": 291.8468310122113,
    "CD4 T": 524.7276106694338,
    "T reg": 16.223973129612958,
    "Epi.-like": 2430.5017816883224,
    "Epi. Prol.": 63.27349520549054,
    "Mesen.-like": 377.20737526350126,
    "Fib.": 508.9659005756535,
    "Endo.": 418.9253292800745,
    "Mast": 148.4275877057798,
    "Mono.": 54.54032094175636,
    "Mac.": 286.72456076686564,
    "NK": 36.09834021338883,
    "PMN-MDSC": 8.960195583288545,
    "pathology": "MIA",
    "radio": "PS",
    "EGFR": "WT",
    "KRAS": "WT",
    "RBM10": "WT",
    "TP53": "WT",
    "Smoking Status": "Former smokes",
    "Gender": "F",
    "Race": "White",
    "ROI_area": 2.465487318084226,
    "Group": "Group3"
  }
}