{
  "name": "GGO276",
  "description": "Patient-derived preset for GGO276",
  "grid": {
    "width": 100,
    "height": 100
  },
  "initial_agents": {
    "tumor": 5259,
    "caf": 1397,
    "macrophage": 734,
    "cd8": 431,
    "cd4": 952,
    "treg": 16,
    "tls": 1
  },
  "field_initialization": {
    "ecm_mean": 0.15,
    "ecm_ring_strength": 0.0,
    "cxcl9_10_mean": 0.12,
    "cxcl13_mean": 0.05,
    "tgfb_mean": 0.1
  },
  "tls": {
    "quality_initial": 0.5,
    "quality_drift": -0.001
  },
  "chemokine_gain": {
    "tls_cxcl9_10": 0.4,
    "tls_cxcl13": 0.4,
    "tumor_cxcl9_10": 0.05
  },
  "tgfb_gain": 0.6,
  "macrophage": {
    "polarization_bias": -0.1,
    "initial_m2_fraction": 0.4
  },
  "suppression": {
    "treg": 0.18,
    "macrophage": 0.15
  },
  "ecm_penalty": 0.2,
  "suppressive_background": 0.03,
  "metadata": {
    "B": 0.0,
    "CD8 T": 193.37228296862955,
    "CD4 T": 426.8998418151349,
    "T reg": 7.177683696761667,
    "Epi.-like": 1918.050512180405,
    "Epi. Prol.": 62.804732346664586,
    "Mesen.-like": 378.1742097731303,
    "Fib.": 626.5619693732757,
    "Endo.": 316.99202849373705,
    "Mast": 92.64789803745845,
    "Mono.": 19.553827726498767,
    "Mac.": 329.43780152048527,
    "NK": 15.252577855618542,
    "PMN-MDSC": 12.57031782417778,
    "pathology": "MIA",
    "radio": "PNS",
    "EGFR": "MUT",
    "KRAS": "WT",
    "RBM10": "WT",
    "TP53": "MUT",
    "Smoking Status": NaN,
    "Gender": "F",
    "Race": "White",
    "ROI_area": 2.229131384992441,
    "Group": "Group1"
  }
}