{
  "name": "GGO346",
  "description": "Patient-derived preset for GGO346",
  "grid": {
    "width": 100,
    "height": 100
  },
  "initial_agents": {
    "tumor": 5532,
    "caf": 1656,
    "macrophage": 1041,
    "cd8": 1070,
    "cd4": 687,
    "treg": 12,
    "tls": 2
  },
  "field_initialization": {
    "ecm_mean": 0.2,
    "ecm_ring_strength": 0.0,
    "cxcl9_10_mean": 0.18,
    "cxcl13_mean": 0.16,
    "tgfb_mean": 0.12
  },
  "tls": {
    "quality_initial": 0.7,
    "quality_drift": -0.002
  },
  "chemokine_gain": {
    "tls_cxcl9_10": 1.0,
    "tls_cxcl13": 1.1,
    "tumor_cxcl9_10": 0.15
  },
  "tgfb_gain": 0.9,
  "macrophage": {
    "polarization_bias": -0.1,
    "initial_m2_fraction": 0.45
  },
  "suppression": {
    "treg": 0.22,
    "macrophage": 0.18
  },
  "ecm_penalty": 0.32,
  "suppressive_background": 0.05,
  "metadata": {
    "B": 623.7890708483632,
    "CD8 T": 462.7376626759065,
    "CD4 T": 297.2807545628863,
    "T reg": 5.155040457683064,
    "Epi.-like": 1863.4696019056496,
    "Epi. Prol.": 60.571725377776,
    "Mesen.-like": 469.1086816491588,
    "Fib.": 716.4207262159628,
    "Endo.": 295.59118741584626,
    "Mast": 155.509213589304,
    "Mono.": 221.2173320073198,
    "Mac.": 450.2502817889172,
    "NK": 54.55751151047909,
    "PMN-MDSC": 99.876339995384,
    "pathology": "MIA",
    "radio": "S",
    "EGFR": "WT",
    "KRAS": "MUT",
    "RBM10": "MUT",
    "TP53": "WT",
    "Smoking Status": "Former smokes",
    "Gender": NaN,
    "Race": "Unknown",
    "ROI_area": 2.327818782123275,
    "Group": "Group3"
  }
}