{
  "name": "GGO380",
  "description": "Patient-derived preset for GGO380",
  "grid": {
    "width": 100,
    "height": 100
  },
  "initial_agents": {
    "tumor": 5376,
    "caf": 1408,
    "macrophage": 468,
    "cd8": 448,
    "cd4": 868,
    "treg": 28,
    "tls": 1
  },
  "field_initialization": {
    "ecm_mean": 0.15,
    "ecm_ring_strength": 0.0,
    "cxcl9_10_mean": 0.12,
    "cxcl13_mean": 0.05,
    "tgfb_mean": 0.1
  },
  "tls": {
    "quality_initial": 0.5,
    "quality_drift": -0.001
  },
  "chemokine_gain": {
    "tls_cxcl9_10": 0.4,
    "tls_cxcl13": 0.4,
    "tumor_cxcl9_10": 0.05
  },
  "tgfb_gain": 0.6,
  "macrophage": {
    "polarization_bias": -0.1,
    "initial_m2_fraction": 0.4
  },
  "suppression": {
    "treg": 0.18,
    "macrophage": 0.15
  },
  "ecm_penalty": 0.2,
  "suppressive_background": 0.03,
  "metadata": {
    "B": 0.0,
    "CD8 T": 146.20051059902983,
    "CD4 T": 283.2758965807081,
    "T reg": 9.135201089335013,
    "Epi.-like": 1469.5210165543383,
    "Epi. Prol.": 18.270402178670025,
    "Mesen.-like": 266.2258603177632,
    "Fib.": 459.4564804313081,
    "Endo.": 360.4747328086068,
    "Mast": 199.6102156807761,
    "Mono.": 77.47428462495876,
    "Mac.": 152.77774229332533,
    "NK": 38.8246046296738,
    "PMN-MDSC": 14.583394752933412,
    "pathology": "AIS",
    "radio": "PNS",
    "EGFR": "MUT",
    "KRAS": "WT",
    "RBM10": "WT",
    "TP53": "WT",
    "Smoking Status": "Never",
    "Gender": "F",
    "Race": "White",
    "ROI_area": 3.065066628110562,
    "Group": "Group1"
  }
}