{
  "name": "GGO109",
  "description": "Patient-derived preset for GGO109",
  "grid": {
    "width": 100,
    "height": 100
  },
  "initial_agents": {
    "tumor": 5208,
    "caf": 958,
    "macrophage": 1436,
    "cd8": 975,
    "cd4": 1387,
    "treg": 34,
    "tls": 2
  },
  "field_initialization": {
    "ecm_mean": 0.2,
    "ecm_ring_strength": 0.0,
    "cxcl9_10_mean": 0.18,
    "cxcl13_mean": 0.16,
    "tgfb_mean": 0.12
  },
  "tls": {
    "quality_initial": 0.7,
    "quality_drift": -0.002
  },
  "chemokine_gain": {
    "tls_cxcl9_10": 1.0,
    "tls_cxcl13": 1.1,
    "tumor_cxcl9_10": 0.15
  },
  "tgfb_gain": 0.9,
  "macrophage": {
    "polarization_bias": -0.1,
    "initial_m2_fraction": 0.45
  },
  "suppression": {
    "treg": 0.22,
    "macrophage": 0.18
  },
  "ecm_penalty": 0.32,
  "suppressive_background": 0.05,
  "metadata": {
    "B": 0.0,
    "CD8 T": 454.92281738005454,
    "CD4 T": 647.0946831739899,
    "T reg": 16.06138518747973,
    "Epi.-like": 1977.5489538093448,
    "Epi. Prol.": 64.67963224147242,
    "Mesen.-like": 386.3414274826205,
    "Fib.": 447.16745302125696,
    "Endo.": 285.85212537199465,
    "Mast": 199.72179882252985,
    "Mono.": 29.86910830604799,
    "Mac.": 669.6539367215437,
    "NK": 46.881881087778666,
    "PMN-MDSC": 5.7954986265466255,
    "pathology": "MIA",
    "radio": "PNS",
    "EGFR": "MUT",
    "KRAS": "WT",
    "RBM10": "WT",
    "TP53": "WT",
    "Smoking Status": "Former smokes",
    "Gender": "F",
    "Race": "White",
    "ROI_area": 2.303661830415628,
    "Group": "Group3"
  }
}