{
  "name": "GGO402",
  "description": "Patient-derived preset for GGO402",
  "grid": {
    "width": 100,
    "height": 100
  },
  "initial_agents": {
    "tumor": 3881,
    "caf": 1364,
    "macrophage": 1768,
    "cd8": 682,
    "cd4": 1169,
    "treg": 8,
    "tls": 2
  },
  "field_initialization": {
    "ecm_mean": 0.2,
    "ecm_ring_strength": 0.0,
    "cxcl9_10_mean": 0.18,
    "cxcl13_mean": 0.16,
    "tgfb_mean": 0.12
  },
  "tls": {
    "quality_initial": 0.7,
    "quality_drift": -0.002
  },
  "chemokine_gain": {
    "tls_cxcl9_10": 1.0,
    "tls_cxcl13": 1.1,
    "tumor_cxcl9_10": 0.15
  },
  "tgfb_gain": 0.9,
  "macrophage": {
    "polarization_bias": -0.1,
    "initial_m2_fraction": 0.45
  },
  "suppression": {
    "treg": 0.22,
    "macrophage": 0.18
  },
  "ecm_penalty": 0.32,
  "suppressive_background": 0.05,
  "metadata": {
    "B": 126.402831810997,
    "CD8 T": 283.42201429737605,
    "CD4 T": 485.64512751273327,
    "T reg": 3.322331257578043,
    "Epi.-like": 1142.2183924771196,
    "Epi. Prol.": 54.40317434284046,
    "Mesen.-like": 415.2914071972554,
    "Fib.": 566.6378118267528,
    "Endo.": 342.7934570504732,
    "Mast": 121.3264128627642,
    "Mono.": 61.9323111684403,
    "Mac.": 734.4315444131562,
    "NK": 50.25026027086791,
    "PMN-MDSC": 20.305675792931247,
    "pathology": "IAC",
    "radio": "S",
    "EGFR": "WT",
    "KRAS": "MUT",
    "RBM10": "WT",
    "TP53": "WT",
    "Smoking Status": "Former smokes",
    "Gender": "F",
    "Race": "White",
    "ROI_area": 2.407947726992144,
    "Group": "Group3"
  }
}