{
  "name": "GGO305",
  "description": "Patient-derived preset for GGO305",
  "grid": {
    "width": 100,
    "height": 100
  },
  "initial_agents": {
    "tumor": 5432,
    "caf": 1505,
    "macrophage": 1050,
    "cd8": 341,
    "cd4": 1095,
    "treg": 14,
    "tls": 1
  },
  "field_initialization": {
    "ecm_mean": 0.15,
    "ecm_ring_strength": 0.0,
    "cxcl9_10_mean": 0.12,
    "cxcl13_mean": 0.05,
    "tgfb_mean": 0.1
  },
  "tls": {
    "quality_initial": 0.5,
    "quality_drift": -0.001
  },
  "chemokine_gain": {
    "tls_cxcl9_10": 0.4,
    "tls_cxcl13": 0.4,
    "tumor_cxcl9_10": 0.05
  },
  "tgfb_gain": 0.6,
  "macrophage": {
    "polarization_bias": -0.1,
    "initial_m2_fraction": 0.4
  },
  "suppression": {
    "treg": 0.18,
    "macrophage": 0.15
  },
  "ecm_penalty": 0.2,
  "suppressive_background": 0.03,
  "metadata": {
    "B": 0.0,
    "CD8 T": 146.0931820786811,
    "CD4 T": 469.209201900475,
    "T reg": 5.997960554549957,
    "Epi.-like": 2023.166995477112,
    "Epi. Prol.": 23.134990710406974,
    "Mesen.-like": 281.04729455605514,
    "Fib.": 644.8446190022728,
    "Endo.": 184.92276389780235,
    "Mast": 161.77103877304066,
    "Mono.": 111.65718437052264,
    "Mac.": 449.659568349896,
    "NK": 29.989802772749787,
    "PMN-MDSC": 0.0,
    "pathology": "AIS",
    "radio": "PNS",
    "EGFR": "MUT",
    "KRAS": "WT",
    "RBM10": "MUT",
    "TP53": "WT",
    "Smoking Status": "Never",
    "Gender": "F",
    "Race": "Asian",
    "ROI_area": 2.3341267206867213,
    "Group": "Group1"
  }
}